,Num Nodes,Inhib Message Size,Inhib Wait Time (us),Inhib Comm Sparsity,Inhib App Time Average Mean,Inhib App Time Average Median,Inhib App Time Average Std,Inhib MPI Time Average Mean,Inhib MPI Time Average Median,Inhib MPI Time Average Std,Inhib Total Messages Sent Mean,Inhib Total Messages Sent Median,Inhib Total Messages Sent Std,Inhib Total Bytes Sent Mean,Inhib Total Bytes Sent Median,Inhib Total Bytes Sent Std
0,8,2000,0,0.3,360.0,360.0,0.0,356.0982142857143,355.9508928571429,0.4548608406466083,475408416.0,473292288.0,46332140.549264275,952000000000.0,947000000000.0,94498677239.41962
1,8,2000,0,0.5,360.0,360.0,0.0,357.73363095238096,357.75,0.06191263113903149,340929194.6666667,331964416.0,18197039.685858946,682000000000.0,664000000000.0,36496575181.78932
2,8,2000,0,0.7,360.0,360.0,0.0,357.7421875,357.74888392857144,0.014176011073851495,332155600.0,329456288.0,7129279.230103045,664250000000.0,659000000000.0,14032699906.52785
3,8,2000,0,1.0,360.0,360.0,0.0,357.0390625,357.06919642857144,0.1110626599470954,433604304.0,433654368.0,191730.52289085326,867500000000.0,867500000000.0,577350269.1896257
4,8,2000,100,0.3,360.0,360.0,0.0,354.1400669642857,354.0345982142857,1.1737836992814268,562364768.0,571834816.0,102094335.53687757,1126250000000.0,1145000000000.0,206210854871.09225
5,8,2000,100,0.5,360.0,360.0,0.0,357.00669642857144,356.98325892857144,0.2329213708711688,344558592.0,343203840.0,17506271.455904864,689250000000.0,686500000000.0,34846090168.05185
6,8,2000,100,0.7,360.0,360.0,0.0,357.47935267857144,357.48325892857144,0.02371925316862257,325670240.0,323566880.0,4972847.335750683,651500000000.0,647500000000.0,9814954576.223652
7,8,2000,100,1.0,360.0,360.0,0.0,356.71986607142856,356.72767857142856,0.033531709342970395,432653088.0,432452832.0,622621.2065517845,865250000000.0,865000000000.0,1258305739.2117796
8,8,2000,1000,0.1,360.0,360.0,,119.30357142857143,119.30357142857143,,3798365760.0,3798365760.0,,7600000000000.0,7600000000000.0,
9,8,2000,1000,0.3,360.0,360.0,0.0,345.3928571428571,345.40625,0.4263412334784801,558492704.0,559408192.0,14571946.220564298,1117500000000.0,1120000000000.0,26299556396.76583
10,8,2000,1000,0.5,360.0,360.0,0.0,352.42857142857144,352.578125,0.44632439260628404,422356480.0,422381568.0,17301409.48459033,844750000000.0,844500000000.0,34740706191.24872
11,8,2000,1000,0.7,360.0,360.0,0.0,354.6037946428571,354.5825892857143,0.10623217887759398,353715040.0,352663360.0,12265926.91687125,707500000000.0,705500000000.0,24392621835.300938
12,8,2000,1000,1.0,360.0,360.0,0.0,354.7444196428571,354.7421875,0.012157838272604284,428798160.0,428748096.0,100128.0,857250000000.0,857000000000.0,499999999.9999898
13,8,2000,10000,0.1,360.0,360.0,0.0,21.201116071428572,21.047879464285714,0.7336287866407712,656661600.0,656943840.0,1451379.9932478056,1312500000000.0,1310000000000.0,5000000000.0
14,8,2000,10000,0.3,360.0,360.0,0.0,258.26785714285717,258.2232142857143,6.931264242607601,574401184.0,574926464.0,38834637.69628509,1150000000000.0,1150000000000.0,75277265270.9081
15,8,2000,10000,0.5,360.0,360.0,0.0,306.0133928571429,304.9174107142857,6.900806495479546,497319424.0,506476544.0,63303919.59268797,995250000000.0,1014500000000.0,127533982399.46352
16,8,2000,10000,0.7,360.0,360.0,0.0,329.3794642857143,329.640625,1.4606966167504596,384120277.3333333,381970176.0,16372215.405862369,768333333333.3334,764000000000.0,32715949219.506596
17,8,2000,10000,1.0,360.0,360.0,0.0,337.09263392857144,337.0524553571429,0.11999022290457736,398058864.0,398008800.0,191730.52289085326,796250000000.0,796000000000.0,500000000.0
18,8,2000,100000,0.1,360.0,360.0,0.0,5.775719866071428,5.7501339285714295,3.9504462317916813,71119440.0,71124480.0,797340.1061027847,142500000000.0,142500000000.0,1732050807.5688772
19,8,2000,100000,0.3,360.0,360.0,0.0,64.326171875,63.87678571428572,1.3618662343147347,176374016.0,176674176.0,826031.0126607453,352750000000.0,353500000000.0,1892969448.6000953
20,8,2000,100000,0.5,360.0,360.0,0.0,139.94494047619048,138.75,2.724291112234652,218968064.0,220372992.0,2970147.96599496,438000000000.0,441000000000.0,6082762530.29822
21,8,2000,100000,0.7,360.0,360.0,0.0,195.0825892857143,196.765625,8.65486472881991,228798826.66666666,226461760.0,11813265.179271873,457666666666.6667,453000000000.0,23352373184.18266
22,8,2000,100000,1.0,360.0,360.0,0.0,244.91350446428572,244.92857142857142,0.06303910245682046,227440752.0,227490816.0,100128.0,455000000000.0,455000000000.0,0.0
23,8,2000,1000000,0.1,361.0,361.0,0.0,0.41327734375,0.41268415178571427,0.005826307734440901,7257600.0,7257600.0,0.0,14500000000.0,14500000000.0,0.0
24,8,2000,1000000,0.3,360.75,361.0,0.5,8.955100446428572,8.67890625,0.6949051861275781,21101248.0,21131264.0,60032.0,42225000000.0,42300000000.0,150000000.0
25,8,2000,1000000,0.5,360.75,361.0,0.5,26.043917410714286,27.179241071428578,7.03839740036949,33542656.0,33417216.0,711367.5745885526,67050000000.0,66800000000.0,1417744687.8757825
26,8,2000,1000000,0.7,360.75,361.0,0.5,47.34135044642857,47.939843749999994,3.50125655711036,43890112.0,43820000.0,443427.222619451,87775000000.0,87650000000.0,906917857.3608527
27,8,2000,1000000,1.0,360.0,360.0,0.0,73.62433035714287,73.7685267857143,0.44102691902373803,57323280.0,57273216.0,100128.0,115000000000.0,115000000000.0,0.0
28,8,4000,0,0.3,360.0,360.0,0.0,353.29315476190476,353.3950892857143,0.30010771255815794,549933141.3333334,543169536.0,25592602.21601589,2196666666666.6667,2170000000000.0,102632028788.93768
29,8,4000,0,0.5,360.0,360.0,0.0,353.6986607142857,353.85044642857144,0.4718065736304499,577124352.0,567289856.0,38094523.30897595,2310000000000.0,2270000000000.0,153948043183.40652
30,8,4000,0,0.7,360.0,360.0,0.0,355.59095982142856,355.6060267857143,0.16145018974966857,402933664.0,403775008.0,10942564.421337197,1612500000000.0,1615000000000.0,42720018726.58764
31,8,4000,0,1.0,360.0,360.0,0.0,355.0680803571429,355.0625,0.3986213853047602,491528352.0,485320416.0,37278646.34339654,1965000000000.0,1940000000000.0,150665191733.19363
32,8,4000,100,0.3,360.0,360.0,0.0,345.27529761904765,344.51785714285717,2.3479557644449196,1006516522.6666666,1057343616.0,147496294.6976572,4026666666666.6665,4230000000000.0,591805148113.2395
33,8,4000,100,0.5,360.0,360.0,0.0,351.6322544642857,351.7991071428571,0.5141795699770231,658810880.0,641098752.0,45606570.72670073,2637500000000.0,2565000000000.0,183915741577.49518
34,8,4000,100,0.7,360.0,360.0,0.0,354.41238839285717,354.24441964285717,0.6838337012055936,449558144.0,459864608.0,44806633.186804526,1800000000000.0,1840000000000.0,176635217326.55692
35,8,4000,100,1.0,360.0,360.0,0.0,354.8660714285714,355.00223214285717,0.44342179404740517,477276800.0,485220288.0,40144377.53307688,1910000000000.0,1940000000000.0,157162336455.01712
36,8,4000,1000,0.1,360.0,360.0,,146.76116071428572,146.76116071428572,,3132037440.0,3132037440.0,,12500000000000.0,12500000000000.0,
37,8,4000,1000,0.3,360.0,360.0,0.0,346.39174107142856,346.53794642857144,1.3776891076426534,457113664.0,448048832.0,46165726.91838632,1830000000000.0,1795000000000.0,185292561462.49728
38,8,4000,1000,0.5,360.0,360.0,0.0,349.7377232142857,349.69642857142856,0.14667177284616512,466486272.0,467389440.0,4860256.396269922,1865000000000.0,1870000000000.0,19148542155.12675
39,8,4000,1000,0.7,360.0,360.0,0.0,351.9603794642857,352.0212053571429,0.34514527725241406,411837888.0,411557440.0,17331141.83222144,1650000000000.0,1650000000000.0,69282032302.7551
40,8,4000,1000,1.0,360.0,360.0,0.0,353.04017857142856,353.10602678571433,0.38296269006429345,447522096.0,444568320.0,18412937.551019065,1790000000000.0,1780000000000.0,74833147735.47885
41,8,4000,10000,0.1,360.0,360.0,0.0,31.212723214285713,31.30837053571429,1.5889311966652209,631471680.0,631340640.0,3008414.235307365,2525000000000.0,2525000000000.0,12909944487.358055
42,8,4000,10000,0.3,360.0,360.0,0.0,248.62276785714286,251.7265625,11.601330819367226,614112352.0,596898176.0,63822088.9368331,2455000000000.0,2385000000000.0,254885595251.41208
43,8,4000,10000,0.5,360.0,360.0,0.0,309.43861607142856,309.5200892857143,7.50229855562053,449802752.0,448924672.0,65995480.154870726,1800000000000.0,1795000000000.0,263944438597.72205
44,8,4000,10000,0.7,360.0,360.0,0.0,324.0306919642857,324.20200892857144,0.8871045617519465,429225664.0,425229280.0,9348500.370412074,1717500000000.0,1705000000000.0,35939764421.41306
45,8,4000,10000,1.0,360.0,360.0,0.0,334.8247767857143,334.9263392857143,0.46325972660966896,417183312.0,416031840.0,7481064.9327228805,1667500000000.0,1665000000000.0,27537852736.430546
46,8,4000,100000,0.1,360.0,360.0,0.0,3.3891741071428574,3.3824107142857143,0.0719987173737498,71527680.0,71527680.0,16460.571071502956,286000000000.0,286000000000.0,0.0
47,8,4000,100000,0.3,360.0,360.0,0.0,78.49441964285714,79.13883928571428,10.118844899601944,167504288.0,167129088.0,6011074.036050463,670000000000.0,668500000000.0,23762715894.162155
48,8,4000,100000,0.5,360.0,360.0,0.0,126.97767857142857,129.49553571428572,8.252365877138086,230884864.0,228401152.0,8128873.341762761,923500000000.0,913500000000.0,32827833718.761696
49,8,4000,100000,0.7,360.0,360.0,0.0,211.24479166666666,210.453125,2.1925396726867286,205194453.33333334,206269504.0,3155299.6633887747,821000000000.0,825000000000.0,12489995996.796797
50,8,4000,100000,1.0,360.0,360.0,0.0,241.77957589285714,241.65848214285717,0.8703837913069391,232347024.0,232296960.0,1801376.6503116442,929500000000.0,929500000000.0,6952217871.538069
51,8,4000,1000000,0.1,361.0,361.0,0.0,0.54010546875,0.5276261160714286,0.034434979915490944,7257600.0,7257600.0,0.0,29000000000.0,29000000000.0,0.0
52,8,4000,1000000,0.3,360.07421875,360.0,0.14843750000000475,7.319341517857143,7.048314732142858,1.2003476372431325,21176288.0,21191296.0,75538.61013636265,84725000000.0,84800000000.0,298607881.119482
53,8,4000,1000000,0.5,360.5,360.5,0.577350269189634,13.159207589285714,12.633370535714286,1.7110864280207563,34822144.0,34872320.0,141919.15941126485,139250000000.0,139500000000.0,957427107.756342
54,8,4000,1000000,0.7,360.3333333333333,360.0,0.5773502691896216,36.220758928571435,36.69040178571429,0.9150069525496963,45385834.666666664,45292352.0,161916.72829369165,181333333333.33334,181000000000.0,577350269.189628
55,8,4000,1000000,1.0,360.75,361.0,0.4999999999999952,63.83337053571428,63.99330357142857,8.290896659470675,59325840.0,59275776.0,1678451.1324146437,237250000000.0,237000000000.0,7228416147.40048
56,8,20000,0,0.1,360.0,360.0,0.0,343.1802455357143,343.19419642857144,0.3508531676253885,1600940880.0,1597296960.0,34370671.11295909,32025000000000.0,31950000000000.0,684957419601.1506
57,8,20000,0,0.3,360.0,360.0,0.0,346.6774553571429,346.64174107142856,1.3423582068056217,1211280672.0,1227564352.0,99337976.56362692,24225000000000.0,24550000000000.0,1961929322546.2192
58,8,20000,0,0.5,360.0,360.0,0.0,347.4748883928571,347.3203125,1.0978533557474641,1276853760.0,1298053120.0,112979131.46696311,25550000000000.0,25950000000000.0,2260530911091.463
59,8,20000,0,0.7,360.0,360.0,0.0,346.390625,346.5915178571429,0.6096461218773365,1416542848.0,1393195552.0,67232594.78635965,28350000000000.0,27900000000000.0,1352774925846.8684
60,8,20000,0,1.0,360.0,360.0,0.0,347.8119419642857,347.7678571428571,0.44140166434768624,1508178000.0,1511031648.0,71041386.3768505,30150000000000.0,30200000000000.0,1389244398944.9802
61,8,20000,100,0.1,360.0,360.0,0.0,338.27529761904765,338.2142857142857,1.3827063535396784,1199338560.0,1199197440.0,88069044.79794475,23966666666666.668,24000000000000.0,1750238079043.344
62,8,20000,100,0.3,360.0,360.0,0.0,343.01450892857144,342.7131696428571,0.9076280061072566,1240726368.0,1259351296.0,68514746.7262051,24825000000000.0,25200000000000.0,1352466881911.2231
63,8,20000,100,0.5,360.0,360.0,0.0,345.10863095238096,345.1919642857143,0.771241158892638,1326854144.0,1321535488.0,71048152.94119965,26533333333333.332,26400000000000.0,1404753833713.698
64,8,20000,100,0.7,360.0,360.0,0.0,345.9430803571429,345.7868303571429,1.1583918214171278,1322943328.0,1337666848.0,108263129.48132257,26475000000000.0,26750000000000.0,2154646142641.5244
65,8,20000,100,1.0,360.0,360.0,0.0,345.74776785714283,345.7109375,0.45060914577201094,1645153104.0,1644802656.0,51826050.325415924,32925000000000.0,32900000000000.0,1024288370853.9635
66,8,20000,1000,0.1,360.0,360.0,0.0,289.83779761904765,290.4263392857143,2.7452746802932637,1116507840.0,1104102720.0,46968042.40284238,22333333333333.332,22100000000000.0,971253485622.2307
67,8,20000,1000,0.3,360.0,360.0,0.0,324.15457589285717,324.1149553571429,0.6188804764127057,1207693760.0,1213186688.0,20414911.162705597,24150000000000.0,24250000000000.0,387298334620.7417
68,8,20000,1000,0.5,360.0,360.0,0.0,334.5100446428571,333.984375,2.138283732552129,1252643840.0,1283201024.0,108020821.38588013,25025000000000.0,25650000000000.0,2168524844220.144
69,8,20000,1000,0.7,360.0,360.0,0.0,337.82700892857144,338.09040178571433,0.8714252552264063,1335878992.0,1317544704.0,51885706.51039515,26700000000000.0,26350000000000.0,1029563014098.7004
70,8,20000,1000,1.0,360.0,360.0,0.0,342.6060267857143,342.4743303571429,1.1075935442616058,1371553344.0,1384770240.0,85597825.92564744,27450000000000.0,27700000000000.0,1707825127659.933
71,8,20000,10000,0.1,360.0,360.0,0.0,121.71726190476191,114.94419642857143,14.474976816188274,461832000.0,474969600.0,28155577.061747465,9236666666666.666,9500000000000.0,563234705370.0912
72,8,20000,10000,0.3,360.0,360.0,0.0,204.91462053571428,204.32924107142856,3.06236353851792,865091136.0,868512960.0,17225488.254028533,17300000000000.0,17400000000000.0,355902608401.0438
73,8,20000,10000,0.5,360.0,360.0,0.0,247.90290178571428,244.6015625,8.30658117576739,1019576320.0,1050083328.0,75081271.34505573,20400000000000.0,21000000000000.0,1487727573628.0933
74,8,20000,10000,0.7,360.0,360.0,0.0,272.3599330357143,271.06584821428567,5.6040302554531305,1085544096.0,1102791648.0,70077823.75569162,21700000000000.0,22050000000000.0,1421267040355.1897
75,8,20000,10000,1.0,360.0,360.0,0.0,294.15550595238096,295.23660714285717,4.759295171765879,1143328256.0,1122434880.0,85933938.4710703,22866666666666.668,22400000000000.0,1747378989610.8203
76,8,20000,100000,0.1,360.0,360.0,0.0,15.855078125000002,15.76138392857143,0.46829649175132276,69118560.0,69138720.0,87875.40270177998,1380000000000.0,1380000000000.0,0.0
77,8,20000,100000,0.3,360.0,360.0,0.0,42.16713169642857,42.24732142857143,0.6358274862167307,189385952.0,189340928.0,371277.4153756191,3790000000000.0,3790000000000.0,8164965809.27726
78,8,20000,100000,0.5,360.0,360.0,0.0,64.83058035714285,64.70334821428571,0.912768330951799,293278720.0,293429248.0,932427.9580993506,5862500000000.0,5865000000000.0,17078251276.59933
79,8,20000,100000,0.7,360.0,360.0,0.0,86.30284598214286,85.20234375000001,4.428946944340975,378885248.0,380427712.0,6202699.974826014,7580000000000.0,7610000000000.0,121928941054.47922
80,8,20000,100000,1.0,360.0,360.0,0.0,110.21819196428572,111.0,2.3298641769855326,492930144.0,491428224.0,4898432.594110079,9857500000000.0,9825000000000.0,97425184971.16977
81,8,20000,1000000,0.1,360.0,360.0,0.0,1.9574944196428572,1.940669642857143,0.05577256988560659,7217280.0,7217280.0,0.0,144000000000.0,144000000000.0,0.0
82,8,20000,1000000,0.3,360.75,361.0,0.4999999999999952,6.148833705357143,6.031395089285715,0.7654981314031718,21266336.0,21281344.0,57476.26413282832,425250000000.0,425500000000.0,957427107.7563407
83,8,20000,1000000,0.5,360.5,360.5,0.5773502691896257,8.870262276785715,8.801238839285716,0.271916420611634,35248640.0,35223552.0,50176.000000000626,704500000000.0,704000000000.0,1000000000.0000101
84,8,20000,1000000,0.7,360.5,360.5,0.577350269189634,12.032700892857141,12.00892857142857,0.47783759382947444,48797952.0,48797952.0,114492.41656401021,976000000000.0,976000000000.0,2449489742.7831783
85,8,20000,1000000,1.0,360.5,360.5,0.5773502691896257,16.429408482142854,16.355133928571426,0.289629309322109,68787936.0,68787936.0,115617.8555068377,1375000000000.0,1375000000000.0,5773502691.896257
86,8,40000,0,0.1,360.0,360.0,0.0,350.8454241071429,350.9118303571429,0.3163106050850383,793704240.0,793961280.0,26918401.099857323,31750000000000.0,31750000000000.0,1059874206372.3102
87,8,40000,0,0.3,360.0,360.0,0.0,353.76060267857144,353.6930803571429,0.30643224286531884,559918464.0,569073344.0,25791459.415290996,22400000000000.0,22750000000000.0,1029563014098.7002
88,8,40000,0,0.5,360.0,360.0,0.0,354.07310267857144,354.08147321428567,0.25415979458830873,617716736.0,617114624.0,29040477.10795877,24725000000000.0,24700000000000.0,1144188212955.66
89,8,40000,0,0.7,360.0,360.0,0.0,354.3861607142857,354.3671875,0.35398998944541,592095840.0,592446400.0,35052914.93625122,23700000000000.0,23700000000000.0,1409491634124.3984
90,8,40000,0,1.0,360.0,360.0,0.0,354.6696428571429,354.7533482142857,0.48871526204471083,664849920.0,658041216.0,68385005.05238779,26575000000000.0,26300000000000.0,2720753572082.558
91,8,40000,100,0.1,360.0,360.0,0.0,345.02901785714283,345.04575892857144,0.39467500811721073,752950800.0,754659360.0,20988657.071018144,30100000000000.0,30150000000000.0,860232526704.2621
92,8,40000,100,0.3,360.0,360.0,0.0,349.28627232142856,349.328125,0.1946395720424869,778344896.0,783567680.0,20508258.56250605,31150000000000.0,31350000000000.0,818535277187.245
93,8,40000,100,0.5,360.0,360.0,0.0,351.1947544642857,351.11830357142856,0.38278646829440993,788089344.0,796744704.0,33866322.08219446,31525000000000.0,31850000000000.0,1332603967176.0444
94,8,40000,100,0.7,360.0,360.0,0.0,351.8844866071429,351.8125,0.3766147164378538,767410896.0,768217184.0,31727494.07999531,30675000000000.0,30700000000000.0,1281600561797.6301
95,8,40000,100,1.0,360.0,360.0,0.0,353.26841517857144,353.3359375,0.282842095925771,772487520.0,772687776.0,34714056.545847364,30900000000000.0,30900000000000.0,1368697677843.1873
96,8,40000,1000,0.1,360.0,360.0,0.0,311.5669642857143,311.5647321428571,0.9632983122547587,687823920.0,687949920.0,14497534.08306392,27500000000000.0,27500000000000.0,594418483337.5667
97,8,40000,1000,0.3,360.0,360.0,0.0,338.5412946428571,338.4252232142857,0.885367583173328,729703968.0,732870656.0,29427413.507452205,29200000000000.0,29300000000000.0,1174734012447.0725
98,8,40000,1000,0.5,360.0,360.0,0.0,345.61235119047615,345.0200892857143,1.088272850722193,717550250.6666666,743206912.0,56947468.509552024,28700000000000.0,29700000000000.0,2271563338320.1094
99,8,40000,1000,0.7,360.0,360.0,0.0,347.16517857142856,346.9095982142857,1.1669603576827574,771757840.0,782940704.0,62381597.93741021,30875000000000.0,31350000000000.0,2510478042126.638
100,8,40000,1000,1.0,360.0,360.0,0.0,349.81640625,349.90513392857144,0.2520995951246864,822351264.0,820749216.0,9756530.412700614,32900000000000.0,32850000000000.0,391578004149.02386
101,8,40000,10000,0.1,360.0,360.0,0.0,180.80915178571428,178.8359375,5.794771401694416,347190480.0,351005760.0,11254714.601232676,13875000000000.0,14050000000000.0,457347424467.07465
102,8,40000,10000,0.3,360.0,360.0,0.0,263.47879464285717,263.0267857142857,3.7797354675443837,539702688.0,542449152.0,21213272.24603515,21575000000000.0,21700000000000.0,853912563829.9666
103,8,40000,10000,0.5,360.0,360.0,0.0,293.2204241071429,292.9866071428571,2.7774067062994243,610566656.0,612799488.0,25138176.00000001,24450000000000.0,24550000000000.0,1027942929673.9517
104,8,40000,10000,0.7,360.0,360.0,0.0,306.4391741071429,306.40625,2.116274991935437,666134112.0,664661760.0,27032214.792061318,26625000000000.0,26550000000000.0,1050000000000.0
105,8,40000,10000,1.0,360.0,360.0,0.0,319.50279017857144,319.5044642857143,0.5677498980368678,707504448.0,706903680.0,8525983.962467676,28325000000000.0,28300000000000.0,330403793359.983
106,8,40000,100000,0.1,360.0,360.0,0.0,34.16489955357143,32.597321428571426,3.8314425370990786,65439360.0,65751840.0,768022.7996615726,2617500000000.0,2630000000000.0,33040379335.99835
107,8,40000,100000,0.3,360.0,360.0,0.0,77.82260044642857,78.72712053571428,2.017602449942179,168164640.0,167639360.0,1197007.5718746888,6727500000000.0,6705000000000.0,48562674281.111626
108,8,40000,100000,0.5,360.0,360.0,0.0,113.78850446428572,114.03571428571428,3.734076068127523,244658176.0,244557824.0,3559314.410280719,9787500000000.0,9785000000000.0,140326999065.27847
109,8,40000,100000,0.7,360.0,360.0,0.0,141.74497767857142,142.48772321428572,2.627087296119373,302428112.0,301621824.0,3441206.6689601727,12100000000000.0,12050000000000.0,141421356237.3096
110,8,40000,100000,1.0,360.0,360.0,0.0,174.2734375,174.546875,1.722132089095278,366718800.0,365967840.0,3304224.0,14675000000000.0,14650000000000.0,95742710775.63356
111,8,40000,1000000,0.1,360.5,360.5,0.577350269189634,5.009754464285715,4.906004464285715,0.6867202280569258,7161840.0,7166880.0,19301.730492367777,286250000000.0,286500000000.0,957427107.7563381
112,8,40000,1000000,0.3,360.5,360.5,0.5773502691896257,10.97896205357143,10.958035714285716,0.249684868281854,20966176.0,20951168.0,30015.99999999969,838500000000.0,838000000000.0,1000000000.0000101
113,8,40000,1000000,0.5,360.75,361.0,0.4999999999999952,18.074944196428575,18.099888392857146,0.4064614006726445,34345472.0,34320384.0,50176.000000000626,1372500000000.0,1370000000000.0,5000000000.00002
114,8,40000,1000000,0.7,360.75,361.0,0.4999999999999952,24.41462053571429,24.32310267857143,1.314897471464796,47080208.0,47115264.0,176444.663975235,1880000000000.0,1880000000000.0,8164965809.277236
115,8,40000,1000000,1.0,360.75,361.0,0.4999999999999952,32.84921875,32.457812499999996,1.7605677197778273,65533776.0,65583840.0,342002.2287646676,2622500000000.0,2625000000000.0,17078251276.59939
116,8,200000,0,0.1,360.0,360.0,0.0,358.6629464285714,358.96875,0.5569498363558812,141126720.0,141422400.0,9760799.42168673,28200000000000.0,28300000000000.0,1951922129594.3135
117,8,200000,0,0.3,360.0,360.0,0.0,358.24776785714283,358.03794642857144,0.44575097386013957,169560384.0,168119616.0,5162868.339774442,33900000000000.0,33600000000000.0,1042433051407.4596
118,8,200000,0,0.5,360.0,360.0,0.0,359.0,359.0,0.0,161115136.0,161867776.0,7053491.683348138,32200000000000.0,32350000000000.0,1416568624058.3853
119,8,200000,0,0.7,360.0,360.0,0.0,359.0,359.0,0.0,156595152.0,153405056.0,13071391.663037768,31325000000000.0,30700000000000.0,2594063736045.563
120,8,200000,0,1.0,360.0,360.0,0.0,359.0016741071429,359.0,0.0033482142857303014,152645136.0,154197120.0,10571765.679237504,30500000000000.0,30800000000000.0,2094437076320.668
121,8,200000,100,0.1,360.0,360.0,0.0,356.68638392857144,356.76116071428567,0.3097481944803669,189312480.0,189332640.0,4182556.287822078,37900000000000.0,37900000000000.0,840634680861.2317
122,8,200000,100,0.3,360.0,360.0,0.0,357.9681919642857,358.0,0.06361607142858834,170010624.0,164487680.0,26216325.62677478,34000000000000.0,32900000000000.0,5232590180780.452
123,8,200000,100,0.5,360.0,360.0,0.0,358.6060267857143,358.7377232142857,0.41758972479283535,164401664.0,164376576.0,6415925.940028088,32875000000000.0,32850000000000.0,1304798835069.9888
124,8,200000,100,0.7,360.0,360.0,0.0,358.9921875,359.0,0.015625,154386624.0,154106176.0,3995768.935125253,30875000000000.0,30800000000000.0,818026079453.8684
125,8,200000,100,1.0,360.0,360.0,0.0,359.0,359.0,0.0,139528368.0,140479584.0,7669874.514565672,27900000000000.0,28100000000000.0,1518771433319.269
126,8,200000,1000,0.1,360.0,360.0,0.0,347.09449404761904,347.12723214285717,0.5699021069081407,192333120.0,193818240.0,7917166.79505996,38500000000000.0,38800000000000.0,1571623364550.1711
127,8,200000,1000,0.3,360.0,360.0,0.0,355.0,355.0,0.0,181836928.0,182737408.0,4462872.17599907,36375000000000.0,36550000000000.0,888350531415.762
128,8,200000,1000,0.5,360.0,360.0,0.0,357.0,357.0,0.0,172153856.0,170096640.0,7204174.023433545,34425000000000.0,34000000000000.0,1443086968966.1814
129,8,200000,1000,0.7,360.0,360.0,0.0,357.5133928571429,357.5234375,0.5621248985529088,158102560.0,157541664.0,13021216.042584041,31625000000000.0,31500000000000.0,2619637379485.9473
130,8,200000,1000,1.0,360.0,360.0,0.0,358.4927455357143,358.48549107142856,0.4707277403360594,150141936.0,149791488.0,5866680.58157865,30025000000000.0,29950000000000.0,1189887949906.7688
131,8,200000,10000,0.1,360.0,360.0,0.0,283.7641369047619,284.09375,1.5324019727959157,148229760.0,147672000.0,3112114.638505465,29633333333333.332,29500000000000.0,611010092660.7792
132,8,200000,10000,0.3,360.0,360.0,0.0,328.90345982142856,329.0,0.9497278224467072,176719200.0,175833728.0,4954822.500932201,35350000000000.0,35200000000000.0,998331942124.795
133,8,200000,10000,0.5,360.0,360.0,0.0,342.7622767857143,343.0022321428571,1.2734793968213203,157652992.0,155846656.0,11884264.42453628,31525000000000.0,31200000000000.0,2369774954153.523
134,8,200000,10000,0.7,360.0,360.0,0.0,348.85658482142856,349.0022321428571,0.6043527644494894,139172320.0,135175936.0,8371658.567093458,27825000000000.0,27050000000000.0,1652018966799.9177
135,8,200000,10000,1.0,360.0,360.0,0.0,351.5,351.5,0.5773502691896257,154597632.0,155999424.0,8075060.926181053,30925000000000.0,31200000000000.0,1619413474070.1648
136,8,200000,100000,0.1,360.0,360.0,0.0,87.52795758928572,84.01573660714286,8.204949921269,54774720.0,55490400.0,1667887.213452996,10975000000000.0,11100000000000.0,320156211871.64246
137,8,200000,100000,0.3,360.0,360.0,0.0,179.60825892857144,181.0,4.3015956598170595,107742432.0,106947008.0,2470020.7556914715,21575000000000.0,21400000000000.0,499165971062.3982
138,8,200000,100000,0.5,360.0,360.0,0.0,239.24665178571428,240.0,2.223899585405141,120347136.0,119318528.0,2476309.72360298,24050000000000.0,23850000000000.0,506622805119.02246
139,8,200000,100000,0.7,360.0,360.0,0.0,270.25,270.0,2.9860788111948158,124834416.0,125360256.0,4321046.03612289,24950000000000.0,25050000000000.0,888819441731.5592
140,8,200000,100000,1.0,360.25,360.0,0.4999999999999952,295.5,296.5,2.3804761428476207,127963584.0,126061152.0,4426820.321471383,25575000000000.0,25200000000000.0,888350531415.762
141,8,200000,1000000,0.1,360.25,360.0,0.5000000000000047,13.205580357142855,12.79888392857143,1.3145014931280217,6995520.0,7005600.0,28510.545417441597,1397500000000.0,1400000000000.0,4999999999.99998
142,8,200000,1000000,0.3,360.75,361.0,0.5,35.948270089285714,36.25,1.9169796758200643,19480384.0,19450368.0,114952.52826565698,3897500000000.0,3890000000000.0,23629078131.263016
143,8,200000,1000000,0.5,360.25,360.0,0.4999999999999952,61.924497767857154,61.498995535714286,1.9293870765326855,29929984.0,29955072.0,171383.66721092988,5985000000000.0,5990000000000.0,34156502553.198734
144,8,200000,1000000,0.7,360.5,360.5,0.5773502691896257,84.00518973214287,83.94999999999999,0.9335690577883532,38736880.0,38701824.0,176444.663975235,7747500000000.0,7740000000000.0,37749172176.35375
145,8,200000,1000000,1.0,360.75,361.0,0.5,107.5,108.5,3.1091263510296057,50614704.0,50364384.0,575191.5686725597,10150000000000.0,10100000000000.0,99999999999.99985
146,8,400000,0,0.1,360.0,360.0,0.0,359.0,359.0,0.0,91919520.0,91758240.0,8334032.81203044,36750000000000.0,36700000000000.0,3331165962041.9194
147,8,400000,0,0.3,360.0,360.0,0.0,359.2477678571429,359.0,0.4955357142857303,82483968.0,85365504.0,6358670.751705683,33000000000000.0,34150000000000.0,2546893532652.409
148,8,400000,0,0.5,360.0,360.0,0.0,360.0,360.0,0.0,73984512.0,76066816.0,6044698.367552181,29600000000000.0,30400000000000.0,2395829710142.188
149,8,400000,0,0.7,360.0,360.0,0.0,359.7622767857143,360.0,0.4754464285714306,71374016.0,72495808.0,4309844.957721177,28525000000000.0,28950000000000.0,1744276354251.2402
150,8,400000,0,1.0,360.5,360.5,0.5773502691896257,360.0,360.0,0.0,68637744.0,70490112.0,5109145.054880317,27450000000000.0,28200000000000.0,2053452377501.5254
151,8,400000,100,0.1,360.0,360.0,0.0,358.984375,358.9955357142857,0.025645368957772603,71885520.0,71951040.0,4272695.484960284,28725000000000.0,28750000000000.0,1709532099727.8757
152,8,400000,100,0.3,360.0,360.0,0.0,359.24888392857144,359.0,0.49776785714285643,71483104.0,67686080.0,9964272.234912895,28575000000000.0,27050000000000.0,4003644173333.4233
153,8,400000,100,0.5,360.0,360.0,0.0,359.0803571428571,359.0,0.16071428571427918,75013120.0,76167168.0,3449638.011911783,30000000000000.0,30450000000000.0,1397617019549.1091
154,8,400000,100,0.7,360.25,360.0,0.5,360.0,360.0,0.0,71163680.0,70112000.0,9465206.557628911,28450000000000.0,28000000000000.0,3803068936179.4814
155,8,400000,100,1.0,360.25,360.0,0.5,360.0,360.0,0.0,70840560.0,71691648.0,5053902.321405114,28325000000000.0,28650000000000.0,2045116133621.7563
156,8,400000,1000,0.1,360.0,360.0,0.0,354.97935267857144,354.99776785714283,0.5735821785920847,76416480.0,78341760.0,7059368.795806038,30575000000000.0,31350000000000.0,2839454172900.137
157,8,400000,1000,0.3,360.0,360.0,0.0,358.0,358.0,0.0,74724832.0,76510784.0,6426766.03401576,29900000000000.0,30650000000000.0,2578113005022.601
158,8,400000,1000,0.5,360.0,360.0,0.0,359.0,359.0,0.0,67386368.0,65379328.0,5177294.447020246,26950000000000.0,26150000000000.0,2056696380120.3135
159,8,400000,1000,0.7,360.25,360.0,0.4999999999999952,359.35546875,359.3125,0.41641431160113745,64503040.0,63591584.0,4020298.133804508,25775000000000.0,25400000000000.0,1598697386415.9946
160,8,400000,1000,1.0,361.0,361.0,0.0,360.0,360.0,0.0,66184608.0,65984352.0,2184535.0532284896,26500000000000.0,26400000000000.0,886942313043.338
161,8,400000,10000,0.1,360.0,360.0,0.0,322.1891741071429,321.8727678571429,4.485503660422628,73498320.0,74259360.0,8940475.116502479,29400000000000.0,29700000000000.0,3576776947662.9844
162,8,400000,10000,0.3,360.0,360.0,0.0,347.84486607142856,347.6897321428571,0.8734602508658695,68901728.0,70207424.0,3976449.7749733147,27575000000000.0,28100000000000.0,1586137867063.6846
163,8,400000,10000,0.5,360.0,360.0,0.0,352.9202008928571,353.0,0.159598214285724,67185664.0,66683904.0,5707726.765485538,26850000000000.0,26650000000000.0,2289832599412.746
164,8,400000,10000,0.7,360.5,360.5,0.5773502691896257,355.5,355.5,0.5773502691896257,64257648.0,64783488.0,4298233.491160448,25700000000000.0,25900000000000.0,1720465053408.5254
165,8,400000,10000,1.0,360.5,360.5,0.577350269189634,356.99888392857144,357.0,0.8146750632320978,59075520.0,60977952.0,7611484.428875093,23625000000000.0,24400000000000.0,3037954355593.031
166,8,400000,100000,0.1,360.0,360.0,0.0,162.25,158.5,9.464847243000454,39780720.0,40511520.0,1893207.1988031315,15900000000000.0,16200000000000.0,757187779440.0366
167,8,400000,100000,0.3,360.0,360.0,0.0,263.97154017857144,261.9430803571429,7.343524153197848,57495648.0,58771328.0,4342648.933370814,23000000000000.0,23500000000000.0,1751190071541.8262
168,8,400000,100000,0.5,360.25,360.0,0.4999999999999952,299.5,299.5,2.8867513459481353,60537344.0,60411904.0,3103214.218064875,24250000000000.0,24200000000000.0,1236931687685.2979
169,8,400000,100000,0.7,360.25,360.0,0.4999999999999952,316.25,316.0,2.9860788111948193,60962384.0,61207776.0,4648413.262527619,24350000000000.0,24450000000000.0,1862793601019.7156
170,8,400000,100000,1.0,360.75,361.0,0.4999999999999952,331.0,331.0,1.1547005383792432,58324560.0,58174368.0,1895392.4494942992,23350000000000.0,23300000000000.0,776745346515.4025
171,8,400000,1000000,0.1,360.25,360.0,0.5,27.842354910714285,26.43772321428571,3.0300788377161094,6703200.0,6733440.0,60480.0,2677500000000.0,2690000000000.0,24999999999.99996
172,8,400000,1000000,0.3,361.0,361.0,0.0,73.40842633928571,71.85915178571429,3.4724147316115497,17244192.0,17349248.0,210111.99999999968,6897500000000.0,6940000000000.0,84999999999.99992
173,8,400000,1000000,0.5,360.75,361.0,0.5,120.5,117.5,9.678154093971985,24084480.0,24385536.0,996807.4163019989,9630000000000.0,9750000000000.0,397324384686.7024
174,8,400000,1000000,0.7,361.0,361.0,0.816496580927726,145.75,146.0,3.774917217635375,30113104.0,30078048.0,541574.5456155295,12050000000000.0,12050000000000.0,238047614284.76196
175,8,400000,1000000,1.0,361.25,361.0,0.5000000000000047,183.40401785714286,182.30803571428572,10.08112653386276,35595504.0,35845824.0,2083528.712130457,14250000000000.0,14350000000000.0,834665601703.261
176,8,2000000,0,0.1,360.0,360.0,0.0,360.0,360.0,0.0,23950080.0,23909760.0,303963.9557579155,47900000000000.0,47800000000000.0,588784057755.189
177,8,2000000,0,0.3,360.6666666666667,361.0,0.5773502691896216,360.3333333333333,360.0,0.577350269189634,19090176.0,19270272.0,365160.40021886275,38166666666666.664,38500000000000.0,757187779440.037
178,8,2000000,0,0.5,361.0,361.0,0.816496580927726,360.75,360.5,0.9574271077563307,17887744.0,17812480.0,1257073.2049497622,35750000000000.0,35600000000000.0,2505327656548.4736
179,8,2000000,0,0.7,362.25,362.5,0.9574271077563307,362.25,362.5,0.9574271077563307,16090704.0,16055648.0,609880.3728295137,32175000000000.0,32100000000000.0,1247330482804.51
180,8,2000000,0,1.0,363.0,363.5,1.4142135623730983,363.0,363.5,1.4142135623730983,15770160.0,15820224.0,251983.27411159655,31500000000000.0,31600000000000.0,503322295684.71704
181,8,2000000,100,0.1,360.0,360.0,0.0,360.0,360.0,0.0,17408160.0,17035200.0,1004162.2944524456,34800000000000.0,34050000000000.0,1991649232838.6213
182,8,2000000,100,0.3,360.25,360.0,0.4999999999999952,360.25,360.0,0.4999999999999952,15338176.0,15638336.0,1141660.7071922317,30675000000000.0,31300000000000.0,2277974246269.406
183,8,2000000,100,0.5,361.0,361.0,1.1547005383792515,360.83872767857144,360.6774553571429,1.0036477749487898,13823488.0,13848576.0,50176.0,27650000000000.0,27700000000000.0,100000000000.0
184,8,2000000,100,0.7,362.25,363.0,1.5,361.98046875,362.4609375,1.3962243894062651,13005776.0,13181056.0,1158440.3586339694,26000000000000.0,26350000000000.0,2307957249748.502
185,8,2000000,100,1.0,362.75,362.5,0.9574271077563405,362.73828125,362.4765625,0.9536264903372398,14468496.0,14518560.0,500640.0,28900000000000.0,29000000000000.0,999999999999.9995
186,8,2000000,1000,0.1,360.0,360.0,0.0,359.0,359.0,0.0,15966720.0,15543360.0,1617664.663395971,31925000000000.0,31050000000000.0,3224257020358.851
187,8,2000000,1000,0.3,360.75,361.0,0.5000000000000047,360.25,360.0,0.5,15233120.0,14797888.0,1463414.6809814367,30475000000000.0,29600000000000.0,2920473705868.051
188,8,2000000,1000,0.5,362.0,362.0,0.816496580927726,361.5,362.0,1.0000000000000047,13522432.0,13597696.0,687368.4697181466,27050000000000.0,27200000000000.0,1369914839202.3013
189,8,2000000,1000,0.7,361.25,361.0,0.4999999999999952,360.75,361.0,0.4999999999999952,13566672.0,13812064.0,661435.2851307528,27100000000000.0,27600000000000.0,1321615173439.9338
190,8,2000000,1000,1.0,363.6666666666667,364.0,2.5166114784235907,363.0,364.0,2.6457513110645907,12549376.0,12816384.0,1027633.9778578753,25066666666666.668,25600000000000.0,2052640575778.7534
191,8,2000000,10000,0.1,360.0,360.0,0.0,351.75,351.5,1.7078251276599372,16198560.0,17035200.0,3463708.6029861113,32400000000000.0,34050000000000.0,6913272259453.791
192,8,2000000,10000,0.3,360.75,360.5,0.9574271077563405,358.25,358.5,0.9574271077563381,14872928.0,14797888.0,632238.9054611134,29750000000000.0,29600000000000.0,1258305739211.7922
193,8,2000000,10000,0.5,361.0,361.0,0.816496580927726,359.5,359.5,0.577350269189634,12895232.0,13346816.0,1594091.8621928077,25800000000000.0,26700000000000.0,3177000681985.0283
194,8,2000000,10000,0.7,362.5,362.5,1.290994448735813,361.25,361.5,0.9574271077563307,13391392.0,13461504.0,1083149.091231058,26775000000000.0,26900000000000.0,2168524844220.144
195,8,2000000,10000,1.0,362.25,362.5,2.0615528128088383,361.25,361.5,2.0615528128088383,13967856.0,13917792.0,500640.0,27900000000000.0,27800000000000.0,1000000000000.0004
196,8,2000000,100000,0.1,360.25,360.0,0.4999999999999952,286.2377232142857,284.5,6.960978090262036,14933520.0,15271200.0,1412387.5003694985,29875000000000.0,30550000000000.0,2854674529025.448
197,8,2000000,100000,0.3,360.5,360.5,0.5773502691896257,335.5,335.5,1.290994448735802,14992992.0,15038016.0,542229.9913702059,29975000000000.0,30050000000000.0,1065754818583.2115
198,8,2000000,100000,0.5,361.5,361.5,0.577350269189634,346.25,346.5,0.9574271077563405,14927360.0,15002624.0,1208050.8084326035,29850000000000.0,30000000000000.0,2407626770632.58
199,8,2000000,100000,0.7,362.5703125,362.640625,0.5092727402466595,352.25,352.5,0.9574271077563405,14863744.0,15214304.0,1067914.1679966608,29700000000000.0,30400000000000.0,2144761058952.722
200,8,2000000,100000,1.0,361.75,361.0,2.21735578260834,354.0016741071429,353.0033482142857,1.9988864211917143,14318304.0,14118048.0,960394.037532512,28600000000000.0,28200000000000.0,1918332609325.088
201,8,2000000,1000000,0.1,360.75,361.0,0.5,88.09458705357143,87.10658482142856,2.615551079145218,5498640.0,5513760.0,53019.90569587992,10975000000000.0,11000000000000.0,125830573921.17897
202,8,2000000,1000000,0.3,360.5,360.5,0.5773502691896257,199.09430803571428,198.5,4.126696456180023,9680160.0,9725184.0,270144.0,19350000000000.0,19450000000000.0,544671154612.2732
203,8,2000000,1000000,0.5,362.25,362.5,0.9574271077563381,248.25,249.5,2.872281323269017,11440128.0,11389952.0,295428.28881924384,22900000000000.0,22800000000000.0,588784057755.1902
204,8,2000000,1000000,0.7,362.0022321428571,362.0,1.822484156659673,276.25,275.0,4.716990566028304,12024208.0,11989152.0,576739.5675785274,24025000000000.0,23950000000000.0,1152894907034.7507
205,8,2000000,1000000,1.0,362.75,362.5,2.0615528128088303,298.0,298.0,3.3665016461206885,12916512.0,12916512.0,476704.63046209235,25800000000000.0,25800000000000.0,952190457139.0466
206,8,4000000,0,0.1,360.25,360.0,0.5000000000000047,360.25,360.0,0.5000000000000047,10160640.0,10019520.0,811090.3594544815,40650000000000.0,40100000000000.0,3251153641401.773
207,8,4000000,0,0.3,361.5,362.0,0.9999999999999952,361.5,362.0,0.9999999999999952,8809696.0,8794688.0,566075.5524227013,35225000000000.0,35150000000000.0,2235136088325.1226
208,8,4000000,0,0.5,361.0,361.0,0.0,360.75,361.0,0.4999999999999952,8881152.0,8881152.0,312007.04757852317,35500000000000.0,35500000000000.0,1243650540411.8425
209,8,4000000,0,0.7,361.0,360.0,1.7320508075688772,360.6666666666667,360.0,1.1547005383792557,9021077.333333334,8974336.0,80958.36414684622,36100000000000.0,35900000000000.0,346410161513.77545
210,8,4000000,0,1.0,364.0,363.5,2.943920288775949,363.7248883928571,363.0,2.938467427696634,8460816.0,8410752.0,526664.3965790739,33800000000000.0,33600000000000.0,2103964511741.2668
211,8,4000000,100,0.1,360.75,361.0,0.4999999999999952,360.25,360.0,0.4999999999999952,8316000.0,8416800.0,582550.7497205716,33250000000000.0,33650000000000.0,2301448819041.3154
212,8,4000000,100,0.3,362.0,362.0,0.8164965809277203,362.0,362.0,0.8164965809277203,7804160.0,7804160.0,285809.4876148563,31200000000000.0,31200000000000.0,1134313301811.5706
213,8,4000000,100,0.5,362.5,362.0,1.9148542155126835,362.0,362.0,1.825741858350546,7350784.0,7426048.0,487336.1489458107,29400000000000.0,29700000000000.0,1942506971244.4617
214,8,4000000,100,0.7,361.0,361.0,0.816496580927726,361.0,361.0,0.816496580927726,7011200.0,7011200.0,228984.83312801892,28025000000000.0,28000000000000.0,939414711402.7969
215,8,4000000,100,1.0,365.28125,365.5625,1.7028621739099605,365.25,365.5,1.707825127659933,7659792.0,7609728.0,300384.0,30600000000000.0,30400000000000.0,1200000000000.0
216,8,4000000,1000,0.1,360.0,360.0,0.0,359.75,360.0,0.5000000000000047,8633520.0,8688960.0,470603.95578447916,34525000000000.0,34750000000000.0,1867931119358.17
217,8,4000000,1000,0.3,361.75,362.0,0.4999999999999952,361.75,362.0,0.4999999999999952,8089312.0,8374464.0,727642.982816894,32350000000000.0,33500000000000.0,2900000000000.0
218,8,4000000,1000,0.5,364.0,364.0,2.449489742783178,363.75,364.0,2.872281323269015,7350784.0,7676928.0,765903.3995276428,29400000000000.0,30700000000000.0,3052867504494.7495
219,8,4000000,1000,0.7,364.0,363.5,2.4494897427831703,363.75,363.5,2.7537852736430586,7501984.0,7501984.0,404791.8207342303,30000000000000.0,30000000000000.0,1616580753730.9526
220,8,4000000,1000,1.0,368.0,368.0,0.8164965809277203,367.75,368.0,1.258305739211786,7459536.0,7509600.0,191730.52289085326,29800000000000.0,30000000000000.0,765941686205.07
221,8,4000000,10000,0.1,360.25,360.0,0.4999999999999952,355.5,355.5,0.577350269189634,9293760.0,9374400.0,815089.185795027,37175000000000.0,37500000000000.0,3271467560591.1177
222,8,4000000,10000,0.3,361.25,361.0,0.5000000000000047,360.0,360.0,0.816496580927726,8299424.0,8224384.0,665561.5117077209,33200000000000.0,32900000000000.0,2696911814155.838
223,8,4000000,10000,0.5,361.4001116071429,361.5,1.1432514418746318,360.5,360.5,1.2909944487358056,7752192.0,7827456.0,466213.9790496777,31000000000000.0,31300000000000.0,1858314648635.514
224,8,4000000,10000,0.7,365.25,366.0,3.774917217635375,364.97154017857144,366.0,3.51890666705685,7186480.0,7501984.0,680965.2438394586,28750000000000.0,30000000000000.0,2714774392099.645
225,8,4000000,10000,1.0,366.5,366.0,3.3166247903554056,366.0,365.5,2.943920288775949,7559664.0,7409472.0,473186.46702542115,30200000000000.0,29600000000000.0,1890326250501.0437
226,8,4000000,100000,0.1,360.03125,360.0,0.0625,316.5,317.0,2.6457513110645925,8739360.0,8578080.0,519095.5334040161,34975000000000.0,34350000000000.0,2056493779875.5112
227,8,4000000,100000,0.3,361.25,361.5,0.9574271077563381,347.75,348.0,1.5000000000000016,8269408.0,8344448.0,468544.53617416846,33050000000000.0,33350000000000.0,1877054430040.1448
228,8,4000000,100000,0.5,362.49888392857144,362.4977678571429,1.2915725857908584,354.5,354.5,1.290994448735802,7576576.0,7727104.0,301056.0,30300000000000.0,30900000000000.0,1200000000000.0
229,8,4000000,100000,0.7,363.0,362.5,2.449489742783178,357.5,357.0,3.000000000000008,7081312.0,7011200.0,621852.994520945,28325000000000.0,28050000000000.0,2491819950691.997
230,8,4000000,100000,1.0,365.75,365.5,1.7078251276599345,361.75,361.5,1.7078251276599345,7559664.0,7309344.0,575191.5686725597,30200000000000.0,29200000000000.0,2297825058615.211
231,8,4000000,1000000,0.1,361.25,361.0,0.4999999999999952,146.75,147.0,2.217355782608345,4319280.0,4314240.0,44701.892577384235,17275000000000.0,17250000000000.0,170782512765.99344
232,8,4000000,1000000,0.3,361.5,361.5,1.2909944487358056,250.25,249.5,3.403429642777022,6648544.0,6693568.0,157881.49696106467,26600000000000.0,26800000000000.0,621825270205.9208
233,8,4000000,1000000,0.5,362.5,362.5,0.5773502691896257,293.0,293.0,4.08248290463863,6974464.0,7024640.0,413761.8957419833,27900000000000.0,28100000000000.0,1649242250247.0647
234,8,4000000,1000000,0.7,365.50279017857144,366.0,1.0018739334273108,317.25,318.0,5.377421934967226,6730752.0,6730752.0,572462.0828200473,26900000000000.0,26900000000000.0,2286190426597.633
235,8,4000000,1000000,1.0,365.2572544642857,365.0,3.2945417210691565,329.0,328.5,3.1622776601683715,7259280.0,7209216.0,100128.0,29000000000000.0,28800000000000.0,399999999999.9997
