,Num Nodes,Inhib Message Size,Inhib Wait Time (us),Inhib Comm Sparsity,Run Iteration,Inhib App Time Average,Inhib MPI Time Average,Inhib Total Messages Sent,Inhib Total Bytes Sent
0,8,400000,0,1.0,0,361.0,360.0,61278336,24500000000000.0
1,8,20000,100,0.1,2,360.0,338.2142857142857,1199197440,24000000000000.0
2,8,4000000,10000,0.3,3,361.0,359.0,9064832,36300000000000.0
3,8,2000000,10000,1.0,3,364.0,363.0,13817664,27600000000000.0
4,8,40000,10000,0.5,2,360.0,293.0424107142857,611745792,24500000000000.0
5,8,400000,100000,0.1,0,360.0,161.0,40017600,16000000000000.0
6,8,4000000,10000,0.7,2,360.0,359.8861607142857,7431872,29700000000000.0
7,8,2000,1000,0.1,2,360.0,119.30357142857143,3798365760,7600000000000.0
8,8,4000,0,0.3,2,360.0,353.52901785714283,528401664,2110000000000.0
9,8,400000,1000,0.5,3,360.0,359.0,63723520,25500000000000.0
10,8,2000000,1000000,0.5,0,362.0,244.0,11841536,23700000000000.0
11,8,20000,1000,0.5,0,360.0,333.8794642857143,1290326016,25800000000000.0
12,8,2000000,1000,1.0,2,364.0,364.0,11414592,22800000000000.0
13,8,40000,100000,0.5,1,360.0,114.99107142857143,243955712,9760000000000.0
14,8,4000,100,0.7,1,360.0,353.8013392857143,489662208,1960000000000.0
15,8,2000000,100000,0.1,2,360.0,283.0,15583680,31200000000000.0
16,8,4000000,100000,0.5,3,361.9955357142857,354.0,7124992,28500000000000.0
17,8,2000,1000,0.5,2,360.0,352.7544642857143,402411520,805000000000.0
18,8,400000,100,1.0,3,360.0,360.0,64081920,25600000000000.0
19,8,2000000,100000,1.0,1,361.0,353.0,14418432,28800000000000.0
20,8,2000000,100000,0.5,0,361.0,345.0,16056320,32100000000000.0
21,8,4000,1000000,0.7,3,361.0,35.166294642857146,45572800,182000000000.0
22,8,20000,100,0.7,3,360.0,345.4330357142857,1374335424,27500000000000.0
23,8,4000000,10000,0.5,3,362.0,361.0,7124992,28500000000000.0
24,8,40000,10000,0.3,1,360.0,259.77232142857144,560398720,22400000000000.0
25,8,200000,100000,0.7,3,360.0,269.0,126482048,25300000000000.0
26,8,200000,1000000,1.0,2,361.0,103.0,51465792,10300000000000.0
27,8,40000,1000,0.1,3,360.0,311.91294642857144,683303040,27300000000000.0
28,8,40000,0,0.3,2,360.0,354.15625,522158336,20900000000000.0
29,8,20000,1000000,1.0,2,360.0,16.504464285714285,68687808,1370000000000.0
30,8,4000000,1000000,0.1,2,361.0,144.0,4374720,17500000000000.0
31,8,4000000,1000000,0.7,2,366.0111607142857,323.0,6029632,24100000000000.0
32,8,2000,1000,0.7,2,360.0,354.75,340463872,681000000000.0
33,8,20000,10000,0.7,1,360.0,272.08705357142856,1089820928,21800000000000.0
34,8,2000000,1000000,1.0,2,361.0,299.0,12415872,24800000000000.0
35,8,2000000,1000,0.5,2,361.0,360.0,13146112,26300000000000.0
36,8,200000,10000,1.0,0,360.0,352.0,143984064,28800000000000.0
37,8,40000,1000000,0.7,3,360.0,22.911830357142858,47255488,1890000000000.0
38,8,200000,10000,0.7,0,360.0,349.0,135035712,27000000000000.0
39,8,4000000,1000,0.7,2,362.0,362.0,7852544,31400000000000.0
40,8,2000,100000,1.0,3,360.0,244.91294642857142,227490816,455000000000.0
41,8,2000,10000,0.3,1,360.0,264.8125,537586560,1080000000000.0
42,8,20000,10000,0.1,2,360.0,138.33705357142858,429508800,8590000000000.0
43,8,40000,100000,0.1,0,360.0,39.806696428571435,64310400,2570000000000.0
44,8,2000,100,0.3,3,360.0,352.88392857142856,668096128,1340000000000.0
45,8,4000000,0,0.7,1,360.0,360.0,9114560,36500000000000.0
46,8,4000000,1000,0.1,3,360.0,360.0,8890560,35600000000000.0
47,8,40000,1000,0.1,1,360.0,310.4419642857143,704833920,28200000000000.0
48,8,40000,100000,0.3,1,360.0,74.80982142857144,169950592,6800000000000.0
49,8,400000,100,0.5,3,360.0,359.0,77672448,31100000000000.0
50,8,200000,100000,0.5,3,360.0,241.0,118716416,23700000000000.0
51,8,4000,1000000,1.0,0,361.0,57.437053571428564,60677568,243000000000.0
52,8,40000,10000,0.1,2,360.0,178.22321428571428,352175040,14100000000000.0
53,8,200000,10000,0.5,0,360.0,341.0,173709312,34700000000000.0
54,8,40000,100,1.0,0,360.0,353.49107142857144,731535168,29300000000000.0
55,8,200000,10000,0.3,0,360.0,329.0,175293440,35100000000000.0
56,8,40000,10000,1.0,2,360.0,319.0200892857143,712110336,28500000000000.0
57,8,4000,1000000,0.1,3,361.0,0.5209821428571428,7257600,29000000000.0
58,8,20000,100,1.0,3,360.0,346.29464285714283,1588030080,31800000000000.0
59,8,200000,100,0.1,1,360.0,356.95982142857144,184826880,37000000000000.0
60,8,200000,0,1.0,2,360.0,359.0,158202240,31600000000000.0
61,8,400000,1000000,0.5,2,361.0,134.0,22679552,9070000000000.0
62,8,400000,1000,0.1,1,360.0,355.66294642857144,66286080,26500000000000.0
63,8,4000000,100,1.0,1,367.0,367.0,7409472,29600000000000.0
64,8,4000000,0,1.0,2,361.0,361.0,8010240,32000000000000.0
65,8,40000,100000,0.7,2,360.0,138.00446428571428,307230784,12300000000000.0
66,8,4000000,0,1.0,3,368.0,367.89955357142856,8811264,35200000000000.0
67,8,2000000,1000000,0.7,0,363.0,272.0,12760384,25500000000000.0
68,8,200000,0,0.3,2,360.0,358.91517857142856,165027968,33000000000000.0
69,8,4000,1000000,0.3,1,360.0,7.163571428571428,21191296,84800000000.0
70,8,200000,100000,0.3,0,360.0,173.43303571428572,111299328,22300000000000.0
71,8,2000000,100000,0.1,3,361.0,296.0,12962880,25900000000000.0
72,8,20000,1000000,0.5,0,360.0,8.87484375,35223552,704000000000.0
73,8,4000000,100,0.7,1,362.0,362.0,7011200,28000000000000.0
74,8,2000000,100,0.3,2,361.0,361.0,16268672,32500000000000.0
75,8,2000,100,1.0,1,360.0,356.71651785714283,432152448,864000000000.0
76,8,2000000,100000,1.0,0,365.0,357.0,15619968,31200000000000.0
77,8,200000,100000,0.1,1,360.0,83.10044642857143,55681920,11100000000000.0
78,8,40000,100000,0.3,3,360.0,79.02633928571429,167429248,6700000000000.0
79,8,20000,1000,0.1,1,360.0,286.84598214285717,1168433280,23400000000000.0
80,8,400000,10000,0.1,3,360.0,327.0,64068480,25600000000000.0
81,8,4000000,0,1.0,0,363.0,363.0,9011520,36000000000000.0
82,8,2000000,1000000,0.3,3,360.0,201.0,9545088,19100000000000.0
83,8,200000,100,1.0,0,360.0,359.0,147188160,29400000000000.0
84,8,400000,100000,1.0,3,361.0,330.0,60677568,24300000000000.0
85,8,200000,100,0.1,0,360.0,356.86830357142856,186822720,37400000000000.0
86,8,20000,1000,0.1,2,360.0,290.4263392857143,1104102720,22100000000000.0
87,8,4000,100000,0.5,0,360.0,132.66294642857142,225290240,901000000000.0
88,8,400000,1000000,1.0,2,361.0,188.61607142857142,34444032,13800000000000.0
89,8,2000,10000,0.3,3,360.0,263.6830357142857,544190080,1090000000000.0
90,8,2000000,1000000,1.0,1,361.0,294.0,13216896,26400000000000.0
91,8,200000,100000,0.7,0,360.0,274.0,119190400,23800000000000.0
92,8,20000,100000,0.7,2,360.0,92.11874999999999,370752256,7420000000000.0
93,8,20000,1000000,0.3,1,361.0,5.442857142857142,21311360,426000000000.0
94,8,2000000,10000,0.5,2,362.0,360.0,14149632,28300000000000.0
95,8,4000000,1000,0.7,3,362.0,361.0,7852544,31400000000000.0
96,8,40000,0,1.0,2,360.0,355.11830357142856,597163392,23900000000000.0
97,8,4000000,100000,0.5,2,364.0,356.0,7727104,30900000000000.0
98,8,40000,100000,0.1,3,360.0,31.658258928571428,65943360,2640000000000.0
99,8,4000000,0,0.5,2,361.0,361.0,8529920,34100000000000.0
100,8,20000,1000000,0.1,2,360.0,1.9102901785714284,7217280,144000000000.0
101,8,400000,1000000,1.0,3,361.0,195.0,33242496,13300000000000.0
102,8,400000,10000,0.5,3,360.0,353.0,62117888,24800000000000.0
103,8,2000000,0,1.0,2,363.0,363.0,16020480,32000000000000.0
104,8,2000,1000000,1.0,3,360.0,73.83482142857143,57273216,115000000000.0
105,8,4000,1000000,0.5,3,360.0,11.829687500000002,34922496,140000000000.0
106,8,20000,10000,0.1,1,360.0,111.87053571428571,481017600,9620000000000.0
107,8,40000,100000,0.7,1,360.0,143.0,300920704,12000000000000.0
108,8,200000,100000,0.7,2,360.0,271.0,124238464,24800000000000.0
109,8,40000,100000,0.5,3,360.0,109.08258928571429,249073664,9960000000000.0
110,8,40000,0,1.0,1,360.0,354.50669642857144,695088576,27800000000000.0
111,8,2000,100,0.3,0,360.0,355.60714285714283,437693312,875000000000.0
112,8,4000,1000,1.0,0,360.0,352.52232142857144,472403904,1890000000000.0
113,8,2000000,100,0.7,1,360.0,360.0,11498368,23000000000000.0
114,8,200000,1000,0.3,1,360.0,355.0,181056512,36200000000000.0
115,8,200000,1000000,0.1,2,360.0,15.111830357142853,6955200,1390000000000.0
116,8,4000,100,1.0,2,360.0,355.22544642857144,433754496,1740000000000.0
117,8,200000,0,0.7,3,360.0,359.0,175139776,35000000000000.0
118,8,2000,1000,0.3,0,360.0,345.75223214285717,548632448,1100000000000.0
119,8,40000,100000,0.1,2,360.0,33.308705357142856,65600640,2620000000000.0
120,8,4000000,100,1.0,2,366.0,366.0,7409472,29600000000000.0
121,8,4000,10000,0.7,1,360.0,324.31026785714283,424037376,1700000000000.0
122,8,4000000,1000000,0.1,1,362.0,148.0,4294080,17200000000000.0
123,8,40000,100000,0.5,0,360.0,118.0,240443392,9620000000000.0
124,8,2000,100,0.5,2,360.0,357.29464285714283,328853504,658000000000.0
125,8,4000,0,0.7,2,360.0,355.77232142857144,389121600,1560000000000.0
126,8,4000,10000,0.1,0,360.0,31.989955357142858,630080640,2520000000000.0
127,8,2000,1000000,0.7,0,361.0,46.45558035714286,44030336,88100000000.0
128,8,400000,1000,0.7,3,361.0,359.796875,69831552,27900000000000.0
129,8,20000,100000,0.3,1,360.0,42.24821428571429,189340928,3790000000000.0
130,8,4000000,0,0.7,0,363.0,362.0,8974336,35900000000000.0
131,8,20000,10000,0.5,3,360.0,243.14508928571428,1061623808,21200000000000.0
132,8,20000,10000,0.3,2,360.0,201.92410714285714,881750016,17600000000000.0
133,8,4000,1000000,0.1,2,361.0,0.5903080357142857,7257600,29000000000.0
134,8,4000,0,0.5,3,360.0,353.85044642857144,567289856,2270000000000.0
135,8,4000,100000,0.5,1,360.0,133.37276785714286,224587776,898000000000.0
136,8,20000,0,0.5,0,360.0,348.0580357142857,1231519744,24600000000000.0
137,8,400000,100,0.3,1,360.0,359.0,65254784,26100000000000.0
138,8,20000,10000,0.7,3,360.0,280.18973214285717,987036736,19700000000000.0
139,8,4000,1000000,0.1,1,361.0,0.5148616071428572,7257600,29000000000.0
140,8,40000,100000,0.7,3,360.0,141.97544642857142,302322944,12100000000000.0
141,8,2000,1000000,0.5,2,361.0,32.411607142857136,32915456,65800000000.0
142,8,2000000,100,0.1,3,360.0,360.0,16813440,33600000000000.0
143,8,40000,0,0.7,3,360.0,354.8169642857143,549678080,22000000000000.0
144,8,20000,10000,1.0,3,360.0,295.23660714285717,1122434880,22400000000000.0
145,8,400000,1000,0.7,0,360.0,359.0,65344384,26100000000000.0
146,8,200000,10000,0.5,2,360.0,343.0,157351936,31500000000000.0
147,8,40000,100000,1.0,1,360.0,175.09375,364465920,14600000000000.0
148,8,40000,1000,1.0,3,360.0,349.4575892857143,834867264,33400000000000.0
149,8,20000,1000,0.7,1,360.0,336.5669642857143,1411915456,28200000000000.0
150,8,4000000,10000,0.1,2,360.0,356.0,8326080,33300000000000.0
151,8,200000,100,0.5,1,360.0,358.0,171802624,34400000000000.0
152,8,20000,100000,0.7,1,360.0,83.01919642857145,383512640,7670000000000.0
153,8,40000,1000000,0.1,1,360.0,5.23982142857143,7156800,286000000000.0
154,8,4000000,0,0.5,0,361.0,360.0,8730624,34900000000000.0
155,8,40000,100000,0.3,2,360.0,78.56897321428572,167729408,6710000000000.0
156,8,2000000,1000000,0.1,2,361.0,86.20000000000003,5544000,11100000000000.0
157,8,40000,100000,1.0,0,360.0,176.0,363865152,14600000000000.0
158,8,400000,100000,0.7,3,360.0,317.0,60296320,24100000000000.0
159,8,40000,100,0.7,0,360.0,351.5200892857143,802221504,32100000000000.0
160,8,2000000,1000,1.0,0,366.0,365.0,12816384,25600000000000.0
161,8,4000,1000,1.0,3,360.0,353.02232142857144,447772416,1790000000000.0
162,8,4000,100000,0.7,3,360.0,213.72321428571428,201642112,807000000000.0
163,8,20000,10000,0.5,2,360.0,246.05803571428572,1038542848,20800000000000.0
164,8,4000000,1000000,0.3,2,362.0,250.0,6723584,26900000000000.0
165,8,400000,0,1.0,1,360.0,360.0,71891904,28800000000000.0
166,8,200000,10000,0.7,3,360.0,348.0,151722368,30300000000000.0
167,8,200000,1000000,1.0,0,361.0,110.0,50264256,10100000000000.0
168,8,4000,100,0.3,3,360.0,347.90848214285717,840327936,3360000000000.0
169,8,2000,100000,0.3,0,360.0,64.1125,176494080,353000000000.0
170,8,2000,1000000,0.1,0,361.0,0.41082142857142856,7257600,14500000000.0
171,8,40000,0,0.1,3,360.0,350.40625,825491520,33000000000000.0
172,8,4000000,100000,1.0,3,365.0,361.0,7409472,29600000000000.0
173,8,200000,100000,1.0,2,361.0,297.0,125961024,25200000000000.0
174,8,400000,1000,0.3,0,360.0,358.0,65795072,26300000000000.0
175,8,4000,10000,0.5,1,360.0,301.84375,516913152,2070000000000.0
176,8,4000,1000,0.5,2,360.0,349.9486607142857,460314624,1840000000000.0
177,8,200000,100000,0.5,1,360.0,240.0,119418880,23900000000000.0
178,8,2000000,10000,1.0,1,364.0,363.0,14618688,29200000000000.0
179,8,200000,100,0.3,3,360.0,358.0,147558656,29500000000000.0
180,8,4000,0,0.3,3,360.0,352.95535714285717,578228224,2310000000000.0
181,8,4000000,1000000,1.0,0,362.02901785714283,326.0,7209216,28800000000000.0
182,8,20000,100000,0.7,0,360.0,82.68794642857144,383933312,7680000000000.0
183,8,2000000,10000,0.5,1,361.0,360.0,10737664,21500000000000.0
184,8,2000000,100,1.0,1,364.0,364.0,14618688,29200000000000.0
185,8,4000,0,0.7,3,360.0,355.6138392857143,406930048,1630000000000.0
186,8,2000000,0,1.0,3,364.0,364.0,15820224,31600000000000.0
187,8,40000,100,1.0,2,360.0,352.90625,813039360,32500000000000.0
188,8,2000,1000000,0.7,1,361.0,49.424107142857125,43609664,87200000000.0
189,8,2000000,0,0.1,2,360.0,360.0,23627520,47300000000000.0
190,8,2000,0,0.7,2,360.0,357.74776785714283,327002368,654000000000.0
191,8,20000,10000,0.7,2,360.0,267.11830357142856,1149556352,23000000000000.0
192,8,2000000,100,0.5,2,360.0,360.0,13848576,27700000000000.0
193,8,2000,10000,0.1,1,360.0,20.925000000000004,657115200,1310000000000.0
194,8,2000,10000,1.0,2,360.0,337.00892857142856,397908672,796000000000.0
195,8,200000,10000,0.5,3,360.0,344.04464285714283,145209344,29000000000000.0
196,8,20000,100,0.5,3,360.0,345.1919642857143,1321535488,26400000000000.0
197,8,400000,100,0.7,1,360.0,360.0,64362816,25700000000000.0
198,8,4000000,1000,1.0,0,369.0,369.0,7609728,30400000000000.0
199,8,20000,100000,0.3,3,360.0,42.857366071428565,188980736,3780000000000.0
200,8,40000,0,1.0,3,360.0,354.05357142857144,746153856,29800000000000.0
201,8,2000000,100000,0.7,3,362.28125,353.0,13321280,26600000000000.0
202,8,20000,100,1.0,2,360.0,345.27455357142856,1702977024,34100000000000.0
203,8,20000,1000000,0.7,0,361.0,12.209151785714283,48797952,976000000000.0
204,8,4000,10000,0.1,3,360.0,32.934821428571425,628145280,2510000000000.0
205,8,4000000,100,0.5,3,361.0,361.0,7626752,30500000000000.0
206,8,400000,1000,0.5,1,360.0,359.0,65329152,26100000000000.0
207,8,4000000,1000000,0.3,1,361.0,249.0,6663552,26700000000000.0
208,8,40000,100,0.5,3,360.0,351.28348214285717,785956864,31400000000000.0
209,8,2000000,1000,1.0,3,361.0,360.0,13417152,26800000000000.0
210,8,2000,100,1.0,0,360.0,356.67410714285717,432552960,865000000000.0
211,8,4000000,100000,1.0,0,366.0,362.0,7209216,28800000000000.0
212,8,20000,100000,0.5,0,360.0,64.87745535714285,293228544,5860000000000.0
213,8,200000,1000,1.0,2,360.0,358.77232142857144,153195840,30600000000000.0
214,8,20000,100000,1.0,1,360.0,112.06696428571429,488824896,9780000000000.0
215,8,200000,100,0.7,0,360.0,359.0,152563712,30500000000000.0
216,8,2000000,0,0.5,3,360.0,360.0,16758784,33500000000000.0
217,8,2000000,1000000,0.3,0,361.0,195.37723214285714,9905280,19800000000000.0
218,8,20000,100,0.1,1,360.0,336.92410714285717,1287478080,25700000000000.0
219,8,40000,1000,0.7,0,360.0,347.0200892857143,783992384,31400000000000.0
220,8,2000,0,0.5,3,360.0,357.66517857142856,361869312,724000000000.0
221,8,4000000,10000,0.7,1,366.0,366.0,7572096,30300000000000.0
222,8,4000,1000,0.3,1,360.0,345.72544642857144,473952640,1900000000000.0
223,8,200000,10000,1.0,2,360.0,351.0,162407616,32500000000000.0
224,8,40000,100,0.7,3,360.0,351.703125,783711936,31300000000000.0
225,8,200000,1000000,0.5,1,360.0,61.100000000000016,30005248,6000000000000.0
226,8,200000,10000,0.7,2,360.0,349.421875,134615040,26900000000000.0
227,8,4000,1000,0.5,1,360.0,349.609375,469848064,1880000000000.0
228,8,200000,100,1.0,1,360.0,359.0,136975104,27400000000000.0
229,8,40000,100,0.3,2,360.0,349.37276785714283,779635584,31200000000000.0
230,8,2000000,100000,0.3,2,360.0,334.0,15608320,31200000000000.0
231,8,200000,100,0.7,3,360.0,359.0,155648640,31100000000000.0
232,8,200000,100,1.0,2,360.0,359.0,129966144,26000000000000.0
233,8,20000,0,0.5,3,360.0,346.5267857142857,1373216768,27500000000000.0
234,8,20000,100,0.5,2,360.0,344.29910714285717,1400412160,28000000000000.0
235,8,2000,100000,0.1,3,360.0,2.369575892857143,71809920,144000000000.0
236,8,400000,1000000,0.3,1,361.0,71.99933035714285,17349248,6940000000000.0
237,8,2000000,10000,1.0,2,360.0,359.0,13417152,26800000000000.0
238,8,200000,100,0.7,2,360.0,359.0,150039680,30000000000000.0
239,8,200000,100000,0.1,2,360.0,99.72767857142857,52295040,10500000000000.0
240,8,400000,100,1.0,1,360.0,360.0,70289856,28100000000000.0
241,8,20000,10000,1.0,0,360.0,298.28125,1069767552,21400000000000.0
242,8,200000,0,0.1,2,360.0,358.96875,141422400,28300000000000.0
243,8,4000,0,0.7,0,360.0,355.3794642857143,415063040,1660000000000.0
244,8,40000,1000000,1.0,1,360.0,32.699999999999996,65483712,2620000000000.0
245,8,2000000,10000,0.1,2,360.0,354.0,11430720,22900000000000.0
246,8,400000,1000000,0.3,2,361.0,71.71897321428573,17349248,6940000000000.0
247,8,4000,1000,0.3,3,360.0,347.35044642857144,422145024,1690000000000.0
248,8,2000000,100000,0.7,2,362.0,351.0,15705088,31400000000000.0
249,8,400000,1000000,0.5,3,361.0,113.0,24887296,9950000000000.0
250,8,2000000,100000,0.5,1,361.0,347.0,13647872,27300000000000.0
251,8,200000,1000,0.7,2,360.0,357.00669642857144,166586112,33300000000000.0
252,8,400000,1000,0.1,2,360.0,354.99776785714283,78220800,31300000000000.0
253,8,2000000,10000,0.3,1,362.0,359.0,14287616,28600000000000.0
254,8,2000000,10000,0.5,3,360.0,359.0,14049280,28100000000000.0
255,8,200000,100000,0.3,3,360.0,183.0,105776384,21200000000000.0
256,8,400000,0,0.7,3,360.0,359.04910714285717,75160064,30100000000000.0
257,8,400000,1000,1.0,2,361.0,360.0,68888064,27600000000000.0
258,8,4000000,100,0.3,2,363.0,363.0,7504000,30000000000000.0
259,8,4000000,0,0.3,0,362.0,362.0,8164352,32700000000000.0
260,8,2000000,0,0.7,1,363.0,363.0,16686656,33400000000000.0
261,8,40000,1000,0.1,0,360.0,311.21651785714283,692596800,27700000000000.0
262,8,2000000,10000,0.7,1,363.0,362.0,12760384,25500000000000.0
263,8,2000,1000,0.5,3,360.0,352.4107142857143,429606912,859000000000.0
264,8,200000,0,1.0,0,360.0,359.00669642857144,138977664,27800000000000.0
265,8,4000000,100,0.3,0,362.0,362.0,7984256,31900000000000.0
266,8,20000,10000,0.5,1,360.0,260.125,908687360,18200000000000.0
267,8,200000,100,0.5,2,360.0,358.69419642857144,161667072,32300000000000.0
268,8,200000,0,0.7,1,360.0,359.0,152984384,30600000000000.0
269,8,400000,100,0.5,1,360.0,359.0,76969984,30800000000000.0
270,8,20000,100,0.3,0,360.0,342.99330357142856,1228915072,24600000000000.0
271,8,20000,0,0.1,0,360.0,343.0,1618263360,32400000000000.0
272,8,40000,1000000,0.3,2,360.0,10.906026785714289,20951168,838000000000.0
273,8,400000,100000,0.5,1,360.0,299.0,60913664,24400000000000.0
274,8,20000,100000,0.1,2,360.0,15.454687500000002,69189120,1380000000000.0
275,8,40000,100,0.3,3,360.0,349.28348214285717,787499776,31500000000000.0
276,8,4000000,100,1.0,3,365.125,365.0,8010240,32000000000000.0
277,8,400000,10000,0.5,0,360.0,353.0,70848512,28300000000000.0
278,8,4000000,10000,0.7,0,369.0,368.0,6169856,24700000000000.0
279,8,4000000,10000,0.3,1,361.0,360.0,7804160,31200000000000.0
280,8,40000,1000,0.1,2,360.0,312.69642857142856,670561920,26800000000000.0
281,8,40000,10000,0.7,3,360.0,307.14732142857144,653584064,26100000000000.0
282,8,40000,100000,1.0,3,360.0,174.0,367469760,14700000000000.0
283,8,40000,10000,0.1,1,360.0,179.44866071428572,349836480,14000000000000.0
284,8,20000,0,1.0,2,360.0,348.39285714285717,1418413248,28400000000000.0
285,8,4000,1000,1.0,2,360.0,353.4263392857143,428547840,1710000000000.0
286,8,2000,10000,0.1,3,360.0,21.170758928571427,656772480,1310000000000.0
287,8,4000000,1000000,0.3,0,363.0,255.0,6423424,25700000000000.0
288,8,20000,1000,1.0,0,360.0,341.96205357142856,1423219392,28500000000000.0
289,8,4000,100,0.5,3,360.0,351.7857142857143,644259840,2580000000000.0
290,8,4000,1000000,1.0,3,360.0,70.54955357142858,57873984,231000000000.0
291,8,2000000,0,0.3,3,360.0,360.0,18669952,37300000000000.0
292,8,4000000,100000,0.7,2,361.0,355.0,7852544,31400000000000.0
293,8,4000,1000000,1.0,2,361.0,55.922767857142844,60877824,244000000000.0
294,8,2000,100,0.5,3,360.0,356.765625,362973184,726000000000.0
295,8,40000,1000000,0.5,0,361.0,18.5,34320384,1370000000000.0
296,8,4000000,100000,0.7,3,361.0,355.0,7291648,29200000000000.0
297,8,400000,100,0.1,0,360.0,359.0,68604480,27400000000000.0
298,8,2000000,100,0.7,3,363.0,362.0,12760384,25500000000000.0
299,8,2000000,100,0.7,2,363.0,363.0,13601728,27200000000000.0
300,8,4000000,0,0.1,0,360.0,360.0,11249280,45000000000000.0
301,8,20000,100000,0.1,1,360.0,15.50200892857143,69189120,1380000000000.0
302,8,40000,0,0.1,1,360.0,350.8638392857143,801702720,32100000000000.0
303,8,400000,100,0.1,1,360.0,358.94642857142856,75841920,30300000000000.0
304,8,40000,1000000,0.1,0,360.0,5.871406250000001,7136640,285000000000.0
305,8,200000,100000,1.0,3,360.0,292.0,134572032,26900000000000.0
306,8,4000000,100000,0.5,0,361.0,353.0,7727104,30900000000000.0
307,8,40000,10000,0.3,3,360.0,264.9575892857143,531943552,21300000000000.0
308,8,2000000,1000000,0.7,1,364.0,283.0,11358144,22700000000000.0
309,8,2000,1000000,0.3,2,361.0,8.482388392857144,21131264,42300000000.0
310,8,4000,100000,1.0,2,360.0,242.19866071428572,230895168,924000000000.0
311,8,2000,0,0.5,0,360.0,357.75,331964416,664000000000.0
312,8,20000,0,0.5,1,360.0,348.73214285714283,1138092032,22800000000000.0
313,8,4000,100000,1.0,0,360.0,240.99776785714286,234099264,936000000000.0
314,8,4000000,10000,0.7,3,366.0,366.0,7572096,30300000000000.0
315,8,400000,10000,0.7,3,360.0,356.0,58753856,23500000000000.0
316,8,400000,100000,1.0,2,360.0,330.0,58875264,23600000000000.0
317,8,2000,10000,0.3,2,360.0,251.8125,610165248,1220000000000.0
318,8,400000,1000,1.0,0,361.0,360.0,65083200,26000000000000.0
319,8,200000,100000,1.0,0,360.0,297.0,125160000,25000000000000.0
320,8,4000000,1000000,0.7,1,366.0,318.0,6730752,26900000000000.0
321,8,4000,100000,0.3,0,360.0,90.02834821428571,160645632,643000000000.0
322,8,2000,1000,1.0,2,360.0,354.734375,428748096,857000000000.0
323,8,200000,100000,0.7,1,360.0,267.0,129426752,25900000000000.0
324,8,200000,1000,1.0,1,360.0,358.1986607142857,146387136,29300000000000.0
325,8,4000000,0,0.5,1,361.0,361.0,9031680,36100000000000.0
326,8,2000000,10000,0.5,0,361.0,359.0,12644352,25300000000000.0
327,8,2000000,1000,0.1,2,360.0,359.0,14575680,29200000000000.0
328,8,4000000,100000,0.7,1,364.0,359.0,6450304,25800000000000.0
329,8,2000,10000,0.1,2,360.0,22.217633928571427,654655680,1310000000000.0
330,8,4000,100000,0.1,3,360.0,3.3084375000000006,71547840,286000000000.0
331,8,2000,100000,1.0,1,360.0,244.82589285714286,227490816,455000000000.0
332,8,2000,10000,0.3,0,360.0,252.76339285714286,605662848,1210000000000.0
333,8,2000,100000,0.3,2,360.0,63.641071428571436,176854272,354000000000.0
334,8,4000,1000000,0.5,1,360.0,12.003794642857143,34922496,140000000000.0
335,8,40000,1000,0.5,3,360.0,345.0200892857143,743206912,29700000000000.0
336,8,400000,0,0.1,2,360.0,359.0,82071360,32800000000000.0
337,8,4000,100000,0.1,2,360.0,3.387700892857143,71527680,286000000000.0
338,8,2000,1000,0.3,3,360.0,345.7700892857143,543409664,1090000000000.0
339,8,2000,1000,0.7,1,360.0,354.5,369069568,738000000000.0
340,8,20000,10000,0.7,0,360.0,270.04464285714283,1115762368,22300000000000.0
341,8,400000,10000,0.5,2,360.0,352.68080357142856,73256960,29300000000000.0
342,8,40000,10000,0.7,0,360.0,303.9888392857143,698736192,27900000000000.0
343,8,400000,10000,0.1,1,360.0,318.7455357142857,80861760,32300000000000.0
344,8,400000,0,0.5,3,360.0,360.0,78675968,31500000000000.0
345,8,200000,0,0.5,3,360.0,359.0,165580800,33100000000000.0
346,8,20000,100000,0.5,3,360.0,63.86830357142856,294232064,5880000000000.0
347,8,2000000,100000,0.5,3,362.0,347.0,14149632,28300000000000.0
348,8,20000,100000,1.0,0,360.0,106.80580357142857,500039232,10000000000000.0
349,8,2000000,100,0.5,1,362.0,362.0,13848576,27700000000000.0
350,8,2000000,100000,0.3,3,361.0,336.0,15068032,30100000000000.0
351,8,2000000,10000,0.3,0,360.0,358.0,14407680,28800000000000.0
352,8,20000,100000,0.5,1,360.0,64.52924107142857,293629952,5870000000000.0
353,8,2000,100,0.3,1,360.0,353.5982142857143,618569728,1240000000000.0
354,8,20000,100,0.5,0,360.0,345.83482142857144,1258614784,25200000000000.0
355,8,400000,10000,1.0,0,361.0,357.0,61478592,24600000000000.0
356,8,2000000,100000,0.1,1,360.0,279.95089285714283,16228800,32500000000000.0
357,8,2000,100000,0.5,0,360.0,138.75,220372992,441000000000.0
358,8,4000000,100,0.3,3,362.0,362.0,8104320,32400000000000.0
359,8,2000000,1000000,0.1,1,361.0,87.11316964285713,5523840,11000000000000.0
360,8,400000,1000,0.5,2,360.0,359.0,65429504,26200000000000.0
361,8,2000,100,0.7,2,360.0,357.5,322795648,646000000000.0
362,8,4000000,10000,0.1,0,361.0,356.0,8930880,35700000000000.0
363,8,4000,1000,1.0,1,360.0,353.18973214285717,441364224,1770000000000.0
364,8,4000,10000,0.5,2,360.0,316.8705357142857,384448512,1540000000000.0
365,8,2000,1000000,1.0,0,360.0,72.984375,57473472,115000000000.0
366,8,40000,0,0.7,0,360.0,353.99330357142856,633812480,25400000000000.0
367,8,4000,10000,0.3,2,360.0,232.046875,705376000,2820000000000.0
368,8,4000000,0,0.1,2,360.0,360.0,10241280,41000000000000.0
369,8,40000,100000,0.3,0,360.0,78.88526785714284,167549312,6700000000000.0
370,8,4000000,1000,0.5,0,364.0,364.0,7827456,31300000000000.0
371,8,20000,0,0.3,0,360.0,348.2924107142857,1083637632,21700000000000.0
372,8,4000000,1000000,1.0,3,363.0,327.0,7209216,28800000000000.0
373,8,4000000,100000,0.7,0,366.0,361.0,6730752,26900000000000.0
374,8,2000,0,1.0,1,360.0,357.13169642857144,433353984,867000000000.0
375,8,2000000,1000000,0.5,1,363.0,249.0,11440128,22900000000000.0
376,8,40000,10000,0.1,3,360.0,189.27901785714286,330744960,13200000000000.0
377,8,4000,100,0.3,1,360.0,343.39955357142856,1121878016,4490000000000.0
378,8,4000,1000,0.5,0,360.0,349.70535714285717,470851584,1880000000000.0
379,8,2000000,10000,0.7,2,364.0,362.0,14162624,28300000000000.0
380,8,4000000,1000,0.3,2,362.0,362.0,8224384,32900000000000.0
381,8,2000000,1000000,1.0,0,364.0,297.0,13417152,26800000000000.0
382,8,20000,0,0.1,2,360.0,343.38839285714283,1576330560,31500000000000.0
383,8,4000000,1000000,0.3,3,360.0,247.0,6783616,27100000000000.0
384,8,4000000,1000000,0.5,2,363.0,296.0,6723584,26900000000000.0
385,8,2000000,1000000,0.5,3,361.0,250.0,11139072,22300000000000.0
386,8,2000000,100,0.5,3,362.0,361.3549107142857,13848576,27700000000000.0
387,8,20000,10000,0.3,1,360.0,205.10044642857142,864220672,17300000000000.0
388,8,4000,10000,0.3,1,360.0,250.66741071428572,602721280,2410000000000.0
389,8,4000,100000,0.3,1,360.0,81.246875,165868416,663000000000.0
390,8,400000,100,0.7,3,360.0,360.0,75861184,30300000000000.0
391,8,400000,1000000,0.7,3,361.0,149.0,29587264,11800000000000.0
392,8,400000,0,0.3,0,360.0,359.99107142857144,72998912,29200000000000.0
393,8,400000,100,0.7,2,360.0,360.0,62259456,24900000000000.0
394,8,400000,1000,0.1,0,360.0,354.99776785714283,78462720,31400000000000.0
395,8,4000000,1000000,0.7,3,364.0,310.0,7431872,29700000000000.0
396,8,400000,100000,1.0,0,361.0,332.0,57473472,23000000000000.0
397,8,40000,1000000,1.0,2,361.0,35.31049107142858,65083200,2600000000000.0
398,8,4000,1000,0.7,3,360.0,351.53348214285717,427402752,1710000000000.0
399,8,200000,1000,0.5,1,360.0,357.0,181938176,36400000000000.0
400,8,400000,0,0.1,1,360.0,359.0,89772480,35900000000000.0
401,8,20000,100,1.0,0,360.0,345.91517857142856,1617868224,32400000000000.0
402,8,200000,10000,0.3,1,360.0,327.6517857142857,183517824,36700000000000.0
403,8,40000,10000,0.1,0,360.0,176.28571428571428,356005440,14200000000000.0
404,8,400000,100,0.5,0,360.0,359.32142857142856,70045696,28000000000000.0
405,8,2000000,10000,0.7,0,361.0,360.0,12199488,24400000000000.0
406,8,2000000,0,0.1,0,360.0,360.0,23849280,47700000000000.0
407,8,4000,1000000,0.5,2,361.0,15.540401785714284,34621440,138000000000.0
408,8,2000,10000,0.5,3,360.0,308.86160714285717,469647360,939000000000.0
409,8,2000000,10000,0.1,1,360.0,351.0,18103680,36200000000000.0
410,8,400000,1000,0.3,1,360.0,358.0,80082688,32000000000000.0
411,8,200000,100000,0.3,2,360.0,180.0,107457280,21500000000000.0
412,8,20000,0,1.0,0,360.0,347.7544642857143,1511732544,30200000000000.0
413,8,2000,10000,0.1,0,360.0,20.491071428571427,658103040,1320000000000.0
414,8,40000,0,0.5,2,360.0,353.79017857142856,647772160,25900000000000.0
415,8,4000,10000,0.1,2,360.0,30.626785714285717,632600640,2530000000000.0
416,8,4000,1000000,1.0,1,361.0,71.42410714285714,57873984,231000000000.0
417,8,20000,10000,0.3,0,360.0,209.07589285714286,841588608,16800000000000.0
418,8,4000000,100000,1.0,1,368.0,364.0,7209216,28800000000000.0
419,8,40000,10000,0.3,2,360.0,268.0892857142857,513513728,20500000000000.0
420,8,40000,1000000,0.7,1,361.0,24.136383928571426,47115264,1880000000000.0
421,8,40000,100,0.7,2,360.0,352.39285714285717,730987712,29200000000000.0
422,8,2000000,100000,0.5,2,362.0,346.0,15855616,31700000000000.0
423,8,40000,0,0.3,0,360.0,353.5,579368832,23200000000000.0
424,8,2000000,1000000,0.1,0,361.0,91.96517857142858,5423040,10800000000000.0
425,8,400000,0,0.1,0,360.0,359.0,93744000,37500000000000.0
426,8,400000,1000000,0.5,0,361.0,121.0,24084480,9630000000000.0
427,8,20000,100,0.7,0,360.0,344.74330357142856,1433930624,28700000000000.0
428,8,2000,10000,0.7,0,360.0,327.80580357142856,401461312,803000000000.0
429,8,400000,1000000,0.1,2,360.0,32.381026785714276,6612480,2640000000000.0
430,8,4000000,1000,0.1,0,360.0,360.0,8487360,33900000000000.0
431,8,20000,100000,1.0,2,360.0,111.0,491227968,9820000000000.0
432,8,2000000,100,1.0,2,362.0,362.0,15019200,30000000000000.0
433,8,20000,1000,0.3,0,360.0,324.33482142857144,1209104512,24200000000000.0
434,8,400000,1000,0.3,3,360.0,358.0,74379648,29800000000000.0
435,8,2000000,0,0.3,1,361.0,360.0,19330304,38700000000000.0
436,8,400000,0,0.7,0,360.0,360.0,73617600,29400000000000.0
437,8,40000,100,1.0,3,360.0,353.18080357142856,784803264,31400000000000.0
438,8,2000,0,0.3,0,360.0,355.8392857142857,485298688,971000000000.0
439,8,4000,1000,0.7,0,360.0,352.2142857142857,396833920,1590000000000.0
440,8,400000,10000,0.7,2,361.0,355.0,68709760,27500000000000.0
441,8,2000,100000,0.3,3,360.0,63.2515625,176974336,354000000000.0
442,8,4000,100000,0.3,2,360.0,77.03080357142858,168389760,674000000000.0
443,8,400000,1000000,0.7,0,362.0,149.0,29727488,11900000000000.0
444,8,4000000,10000,0.5,2,361.0,360.0,8228864,32900000000000.0
445,8,200000,100,0.3,1,360.0,357.87276785714283,203508480,40700000000000.0
446,8,400000,0,0.7,1,360.0,360.0,71374016,28500000000000.0
447,8,400000,10000,0.7,0,361.0,356.0,63241024,25300000000000.0
448,8,400000,1000,1.0,3,361.0,360.0,66885504,26800000000000.0
449,8,200000,0,0.5,2,360.0,359.0,152635392,30500000000000.0
450,8,4000,1000,0.1,2,360.0,146.76116071428572,3132037440,12500000000000.0
451,8,20000,100000,0.7,3,360.0,87.38549107142856,377342784,7550000000000.0
452,8,2000000,1000000,0.5,2,363.0,250.0,11339776,22700000000000.0
453,8,200000,100,0.1,2,360.0,356.26339285714283,193757760,38800000000000.0
454,8,200000,100,0.5,0,360.0,358.78125,157050880,31400000000000.0
455,8,20000,1000000,0.7,3,361.0,11.507589285714285,48938176,979000000000.0
456,8,40000,0,0.1,2,360.0,351.1517857142857,761402880,30500000000000.0
457,8,4000000,1000000,0.1,3,361.0,146.0,4334400,17300000000000.0
458,8,4000000,10000,1.0,0,366.0,365.0,8210496,32800000000000.0
459,8,2000000,1000000,0.7,3,360.00892857142856,275.0,11919040,23800000000000.0
460,8,4000,100000,0.7,2,360.0,210.453125,206269504,825000000000.0
461,8,40000,1000000,1.0,3,361.0,32.215624999999996,65683968,2630000000000.0
462,8,400000,100000,0.5,0,361.0,296.0,64425984,25800000000000.0
463,8,2000,0,0.3,3,360.0,356.75,422145024,844000000000.0
464,8,4000000,100000,0.1,2,360.0,318.0,8366400,33500000000000.0
465,8,4000,10000,0.3,3,360.0,252.78571428571428,591075072,2360000000000.0
466,8,400000,100,0.1,3,360.0,359.0,67798080,27100000000000.0
467,8,40000,1000000,0.1,2,361.0,4.5721875,7176960,287000000000.0
468,8,40000,1000,0.3,3,360.0,338.70535714285717,725666816,29000000000000.0
469,8,2000,0,0.7,0,360.0,357.75,329386176,659000000000.0
470,8,4000000,1000000,1.0,2,367.0,330.0,7409472,29600000000000.0
471,8,400000,100,0.5,2,360.0,359.0,75364352,30100000000000.0
472,8,40000,1000000,0.3,1,361.0,11.299776785714288,20951168,838000000000.0
473,8,400000,1000000,0.3,0,361.0,78.60000000000001,16929024,6770000000000.0
474,8,200000,0,0.5,1,360.0,359.0,168089600,33600000000000.0
475,8,4000000,100,0.3,1,361.0,361.0,7624064,30500000000000.0
476,8,200000,1000,0.7,3,360.0,358.0,148497216,29700000000000.0
477,8,2000000,100,1.0,3,362.0,362.0,13817664,27600000000000.0
478,8,20000,1000000,0.1,1,360.0,2.038348214285714,7217280,144000000000.0
479,8,4000000,1000,1.0,3,368.0,368.0,7609728,30400000000000.0
480,8,20000,1000,1.0,3,360.0,342.98660714285717,1346321088,26900000000000.0
481,8,4000,100000,0.5,2,360.0,115.546875,242149376,969000000000.0
482,8,2000,1000000,0.3,1,361.0,8.574441964285715,21131264,42300000000.0
483,8,200000,1000,1.0,3,360.0,359.0,144184320,28800000000000.0
484,8,2000000,1000,0.7,1,361.0,360.0,13601728,27200000000000.0
485,8,200000,1000000,0.1,3,360.0,12.11272321428571,7015680,1400000000000.0
486,8,20000,1000,0.5,3,360.0,334.0892857142857,1276076032,25500000000000.0
487,8,20000,10000,0.5,0,360.0,242.28348214285714,1069451264,21400000000000.0
488,8,400000,1000000,0.1,1,360.0,26.375446428571426,6733440,2690000000000.0
489,8,400000,100000,0.1,3,360.0,156.0,41005440,16400000000000.0
490,8,400000,10000,0.7,1,360.0,355.0,66325952,26500000000000.0
491,8,4000000,0,0.3,1,362.0,362.0,8584576,34300000000000.0
492,8,2000,100000,0.1,0,360.0,2.3401562499999997,71809920,144000000000.0
493,8,2000000,0,0.1,3,360.0,360.0,23970240,47900000000000.0
494,8,20000,10000,1.0,2,360.0,288.9486607142857,1237782336,24800000000000.0
495,8,200000,0,1.0,1,360.0,359.0,150192000,30000000000000.0
496,8,2000,1000,0.3,2,360.0,345.06026785714283,570183936,1140000000000.0
497,8,400000,100,0.3,0,360.0,359.9955357142857,64594432,25800000000000.0
498,8,40000,0,0.5,3,360.0,354.3392857142857,588865536,23600000000000.0
499,8,4000000,1000,0.1,2,360.0,359.0,9112320,36400000000000.0
500,8,4000000,1000000,0.7,0,366.0,318.0,6730752,26900000000000.0
501,8,20000,1000000,1.0,0,361.0,16.205803571428568,68888064,1380000000000.0
502,8,200000,1000000,0.5,2,361.0,64.60000000000001,29704192,5940000000000.0
503,8,2000,1000000,0.7,2,361.0,50.67589285714287,43469440,86900000000.0
504,8,2000000,0,0.3,2,361.0,361.0,19270272,38500000000000.0
505,8,20000,1000,0.5,2,360.0,337.54464285714283,1097248768,21900000000000.0
506,8,40000,100000,0.7,0,360.0,144.0,299238016,12000000000000.0
507,8,2000,100000,1.0,2,360.0,244.94419642857142,227290560,455000000000.0
508,8,40000,100000,0.5,2,360.0,113.08035714285714,245159936,9810000000000.0
509,8,4000000,100000,0.1,3,360.0,316.0,8789760,35200000000000.0
510,8,4000,100000,0.5,3,360.0,126.328125,231512064,926000000000.0
511,8,2000000,1000000,0.3,1,361.0,196.0,9905280,19800000000000.0
512,8,400000,1000,0.7,2,360.0,359.625,60997440,24400000000000.0
513,8,4000000,1000,1.0,1,368.0,368.0,7409472,29600000000000.0
514,8,400000,100,0.3,3,360.0,359.0,70117376,28000000000000.0
515,8,400000,10000,0.1,0,360.0,318.0111607142857,81406080,32600000000000.0
516,8,2000,100,0.5,1,360.0,357.08482142857144,330358784,661000000000.0
517,8,2000,1000000,1.0,2,360.0,73.70223214285716,57273216,115000000000.0
518,8,2000000,1000,0.7,2,362.0,361.0,12620160,25200000000000.0
519,8,40000,10000,0.7,1,360.0,305.66517857142856,675739456,27000000000000.0
520,8,400000,0,1.0,3,360.0,360.0,72292416,28900000000000.0
521,8,2000000,100,0.3,0,360.0,360.0,13807360,27600000000000.0
522,8,200000,1000,0.3,2,360.0,355.0,175893760,35200000000000.0
523,8,400000,1000000,1.0,0,362.0,176.0,37247616,14900000000000.0
524,8,40000,1000000,0.7,2,361.0,24.50982142857143,47115264,1880000000000.0
525,8,20000,100,0.7,2,360.0,346.140625,1300998272,26000000000000.0
526,8,4000,100000,0.1,1,360.0,3.377120535714286,71527680,286000000000.0
527,8,2000,0,0.3,2,360.0,355.74107142857144,532904064,1070000000000.0
528,8,2000000,1000,0.1,0,360.0,359.0,18204480,36400000000000.0
529,8,2000,100000,0.7,0,360.0,185.70982142857142,241605952,483000000000.0
530,8,2000000,1000000,1.0,3,365.0,302.0,12616128,25200000000000.0
531,8,4000000,100000,0.3,3,362.0,349.0,8104320,32400000000000.0
532,8,40000,100000,0.1,1,360.0,31.885937499999994,65903040,2640000000000.0
533,8,200000,100000,0.5,0,360.0,235.98660714285714,124035072,24800000000000.0
534,8,4000,10000,1.0,0,360.0,335.23660714285717,410524800,1640000000000.0
535,8,40000,100,0.1,0,360.0,344.60267857142856,774204480,31000000000000.0
536,8,20000,1000000,0.7,1,360.0,11.808705357142857,48797952,976000000000.0
537,8,2000,1000000,0.5,1,361.0,17.40558035714286,34420736,68800000000.0
538,8,400000,1000,0.3,2,360.0,358.0,78641920,31500000000000.0
539,8,2000,100000,0.1,2,360.0,9.262455357142857,70418880,141000000000.0
540,8,40000,0,0.5,1,360.0,354.22767857142856,597194752,23900000000000.0
541,8,20000,0,0.7,0,360.0,346.6763392857143,1378401920,27600000000000.0
542,8,200000,1000000,0.7,2,361.0,85.20000000000002,38561600,7710000000000.0
543,8,20000,1000,1.0,1,360.0,341.4955357142857,1454058816,29100000000000.0
544,8,20000,0,0.7,2,360.0,346.50669642857144,1407989184,28200000000000.0
545,8,4000000,0,0.1,1,361.0,361.0,9797760,39200000000000.0
546,8,20000,1000,0.7,3,360.0,338.00669642857144,1323574336,26500000000000.0
547,8,2000000,100,1.0,0,363.0,362.953125,14418432,28800000000000.0
548,8,40000,1000000,0.7,0,361.0,26.100446428571438,46834816,1870000000000.0
549,8,200000,10000,0.3,2,360.0,329.96205357142856,171691520,34300000000000.0
550,8,2000,100000,0.7,2,360.0,202.77232142857142,218328768,437000000000.0
551,8,20000,100,0.1,0,360.0,339.6875,1111340160,22200000000000.0
552,8,20000,1000000,1.0,1,361.0,16.199553571428567,68888064,1380000000000.0
553,8,400000,100000,0.3,0,360.0,274.0,51507456,20600000000000.0
554,8,2000000,10000,1.0,0,361.0,360.0,14017920,28000000000000.0
555,8,2000,1000,1.0,3,360.0,354.734375,428748096,857000000000.0
556,8,4000,1000000,0.3,3,360.0,9.004955357142856,21071232,84300000000.0
557,8,2000,100,0.3,2,360.0,354.47098214285717,525099904,1050000000000.0
558,8,4000000,100,0.5,2,361.0,360.0,6723584,26900000000000.0
559,8,20000,1000000,0.1,0,360.0,1.9407589285714286,7217280,144000000000.0
560,8,4000,10000,0.7,2,360.0,322.80580357142856,443107840,1770000000000.0
561,8,200000,10000,0.3,3,360.0,329.0,176374016,35300000000000.0
562,8,4000,0,0.5,0,360.0,354.07589285714283,544911360,2180000000000.0
563,8,4000000,100,0.1,2,361.0,361.0,7519680,30100000000000.0
564,8,4000,10000,0.3,0,360.0,258.99107142857144,557277056,2230000000000.0
565,8,200000,0,0.5,0,360.0,359.0,158154752,31600000000000.0
566,8,2000000,0,0.1,1,360.0,360.0,24353280,48700000000000.0
567,8,20000,0,0.1,1,360.0,342.78348214285717,1640721600,32800000000000.0
568,8,200000,1000000,0.7,1,360.0,83.89999999999999,38701824,7740000000000.0
569,8,20000,1000000,0.3,0,360.0,7.089687500000001,21191296,424000000000.0
570,8,20000,1000,0.5,1,360.0,332.5267857142857,1346924544,26900000000000.0
571,8,2000,10000,0.7,3,360.0,329.640625,381970176,764000000000.0
572,8,20000,100,0.7,1,360.0,347.45535714285717,1182508992,23700000000000.0
573,8,40000,0,0.5,0,360.0,353.93526785714283,637034496,25500000000000.0
574,8,4000000,100000,0.1,1,360.0,319.0,8346240,33400000000000.0
575,8,200000,10000,0.1,1,360.0,285.1049107142857,145434240,29100000000000.0
576,8,200000,1000,1.0,0,360.0,358.0,156800448,31400000000000.0
577,8,4000000,0,0.1,3,360.0,360.0,9354240,37400000000000.0
578,8,400000,1000000,0.5,1,360.0,114.0,24686592,9870000000000.0
579,8,200000,1000000,0.3,2,361.0,37.79308035714286,19390336,3880000000000.0
580,8,40000,10000,0.5,0,360.0,296.8392857142857,577726464,23100000000000.0
581,8,400000,1000000,0.1,3,360.0,26.112946428571433,6733440,2690000000000.0
582,8,200000,1000000,1.0,1,361.0,109.0,50264256,10100000000000.0
583,8,20000,0,0.7,1,360.0,346.875,1365921984,27300000000000.0
584,8,400000,0,0.1,3,360.0,359.0,102090240,40800000000000.0
585,8,2000,10000,1.0,3,360.0,337.2611607142857,397908672,796000000000.0
586,8,40000,0,0.7,2,360.0,354.5,583892736,23400000000000.0
587,8,4000000,10000,0.5,0,360.0,359.0,7927808,31700000000000.0
588,8,20000,100000,0.1,0,360.0,16.442857142857147,69007680,1380000000000.0
589,8,2000000,1000,0.1,3,360.0,359.0,15019200,30000000000000.0
590,8,2000000,100000,0.7,1,363.0,353.0,15003968,30000000000000.0
591,8,40000,0,0.1,0,360.0,350.95982142857144,786219840,31400000000000.0
592,8,400000,100000,0.7,1,361.0,313.0,66325952,26500000000000.0
593,8,4000,0,1.0,2,360.0,355.55357142857144,453179328,1810000000000.0
594,8,2000,1000,0.5,1,360.0,351.80357142857144,442251264,885000000000.0
595,8,4000,100,0.5,1,360.0,350.88169642857144,726347776,2910000000000.0
596,8,400000,10000,0.5,1,360.0,353.0,62519296,25000000000000.0
597,8,2000,100,0.7,3,360.0,357.49776785714283,322515200,645000000000.0
598,8,200000,0,0.7,2,360.0,359.0,153825728,30800000000000.0
599,8,200000,0,0.1,1,360.0,358.0200892857143,150736320,30100000000000.0
600,8,2000000,10000,0.1,3,360.0,350.0,19293120,38600000000000.0
601,8,4000,0,0.5,2,360.0,353.16964285714283,619171840,2480000000000.0
602,8,20000,1000000,0.1,3,360.0,1.9405803571428575,7217280,144000000000.0
603,8,200000,1000,0.1,2,360.0,347.12723214285717,193818240,38800000000000.0
604,8,40000,1000000,0.3,0,361.0,10.7,21011200,840000000000.0
605,8,4000,1000000,0.5,0,361.0,13.26294642857143,34822144,139000000000.0
606,8,4000,100000,0.1,0,360.0,3.4834375,71507520,286000000000.0
607,8,2000000,1000,0.3,3,361.0,360.0,13987456,28000000000000.0
608,8,40000,1000,0.7,3,360.0,346.0424107142857,835314368,33400000000000.0
609,8,40000,0,0.3,1,360.0,353.53794642857144,565621504,22600000000000.0
610,8,2000,0,1.0,0,360.0,357.109375,433754496,868000000000.0
611,8,2000,10000,0.5,1,360.0,300.9732142857143,543305728,1090000000000.0
612,8,4000,10000,0.5,0,360.0,304.23214285714283,495237120,1980000000000.0
613,8,2000,100000,1.0,0,360.0,244.97098214285714,227490816,455000000000.0
614,8,4000,100000,0.7,0,360.0,209.55803571428572,207671744,831000000000.0
615,8,2000000,100000,1.0,2,361.0,353.00669642857144,13817664,27600000000000.0
616,8,200000,1000,0.5,0,360.0,357.0,166483968,33300000000000.0
617,8,200000,0,0.3,0,360.0,358.01339285714283,168509824,33700000000000.0
618,8,4000000,10000,0.3,2,362.0,361.0,7684096,30700000000000.0
619,8,4000000,10000,1.0,2,371.0,370.0,7609728,30400000000000.0
620,8,2000,1000000,0.5,0,361.0,23.25044642857143,33818624,67600000000.0
621,8,4000,100,0.5,0,360.0,352.04910714285717,626698240,2510000000000.0
622,8,400000,1000000,0.7,1,360.0,143.0,30428608,12200000000000.0
623,8,40000,100,0.5,2,360.0,351.69642857142856,741300224,29700000000000.0
624,8,20000,100000,0.1,3,360.0,16.02075892857143,69088320,1380000000000.0
625,8,400000,0,0.3,1,360.0,359.0,84705152,33900000000000.0
626,8,4000,1000,0.3,2,360.0,344.78125,514774400,2060000000000.0
627,8,20000,1000000,0.7,2,360.0,12.605357142857141,48657728,973000000000.0
628,8,2000000,1000,0.3,2,361.0,360.0,17349248,34700000000000.0
629,8,2000000,1000,0.5,1,363.0,362.0,14149632,28300000000000.0
630,8,4000000,10000,0.1,3,360.0,355.0,9817920,39300000000000.0
631,8,40000,1000,0.3,2,360.0,339.6919642857143,691508608,27700000000000.0
632,8,2000000,100000,1.0,3,360.0,353.0,13417152,26800000000000.0
633,8,2000000,1000,0.7,0,361.0,361.0,14022400,28000000000000.0
634,8,40000,10000,0.5,1,360.0,290.06919642857144,638941184,25600000000000.0
635,8,4000,100,1.0,3,360.0,354.3705357142857,512855616,2050000000000.0
636,8,4000000,100000,1.0,2,364.0,360.0,8410752,33600000000000.0
637,8,2000,1000000,1.0,1,360.0,73.97589285714285,57273216,115000000000.0
638,8,4000000,100000,0.5,1,363.0,355.0,7727104,30900000000000.0
639,8,4000,10000,0.7,0,360.0,324.09375,426421184,1710000000000.0
640,8,200000,1000,0.1,0,360.0,346.50892857142856,199402560,39900000000000.0
641,8,200000,10000,0.1,3,360.0,284.09375,147672000,29500000000000.0
642,8,2000,0,1.0,2,360.0,357.02901785714283,433754496,868000000000.0
643,8,200000,0,0.3,3,360.0,358.0,176974336,35400000000000.0
644,8,200000,1000000,0.7,0,360.0,84.0,38701824,7740000000000.0
645,8,40000,10000,0.7,2,360.0,308.95535714285717,636476736,25500000000000.0
646,8,2000,1000000,0.7,3,360.0,42.809821428571425,44451008,88900000000.0
647,8,2000,1000000,0.5,3,360.0,31.108035714285723,33015808,66000000000.0
648,8,400000,0,0.3,3,360.0,359.0,86205952,34500000000000.0
649,8,2000000,100000,0.7,0,363.0,352.0,15424640,30800000000000.0
650,8,2000,0,0.3,1,360.0,356.0625,461285888,923000000000.0
651,8,4000000,100,0.5,0,365.0,364.0,7827456,31300000000000.0
652,8,2000,0,0.7,3,360.0,357.72098214285717,342707456,685000000000.0
653,8,200000,0,0.7,0,360.0,359.0,144430720,28900000000000.0
654,8,200000,0,1.0,3,360.0,359.0,163208640,32600000000000.0
655,8,40000,100,0.3,0,360.0,349.47098214285717,749439488,30000000000000.0
656,8,40000,1000,0.3,1,360.0,337.62276785714283,761565952,30500000000000.0
657,8,400000,1000000,0.3,3,361.0,71.31540178571427,17349248,6940000000000.0
658,8,4000000,1000000,0.5,1,362.0,297.0,6522880,26100000000000.0
659,8,40000,100,1.0,1,360.0,353.4955357142857,760572288,30400000000000.0
660,8,40000,1000,0.7,2,360.0,348.79910714285717,685835584,27400000000000.0
661,8,400000,100000,0.3,2,360.0,258.0,60932480,24400000000000.0
662,8,200000,1000000,0.3,3,361.0,35.39999999999999,19510400,3900000000000.0
663,8,400000,100,1.0,0,360.0,360.0,75897024,30400000000000.0
664,8,2000000,0,1.0,0,361.0,361.0,15419712,30800000000000.0
665,8,20000,1000000,0.5,1,361.0,9.249062499999999,35223552,704000000000.0
666,8,20000,0,1.0,1,360.0,347.78125,1510330752,30200000000000.0
667,8,2000,1000000,0.1,3,361.0,0.4207075892857143,7257600,14500000000.0
668,8,40000,0,1.0,0,360.0,355.0,620993856,24800000000000.0
669,8,2000,100000,0.3,1,360.0,66.29955357142856,175173376,350000000000.0
670,8,200000,100000,1.0,1,360.0,296.0,126161280,25200000000000.0
671,8,2000000,1000,0.3,1,360.0,360.0,14887936,29800000000000.0
672,8,4000,0,0.7,1,360.0,355.5982142857143,400619968,1600000000000.0
673,8,40000,1000,1.0,0,360.0,349.8236607142857,825054720,33000000000000.0
674,8,2000,100,0.7,1,360.0,357.45089285714283,324338112,649000000000.0
675,8,200000,1000,0.5,3,360.0,357.0,166985728,33400000000000.0
676,8,4000000,100,0.7,0,361.0,361.0,7011200,28000000000000.0
677,8,400000,100,0.1,2,360.0,358.99107142857144,75297600,30100000000000.0
678,8,2000,1000,1.0,0,360.0,354.75,428948352,858000000000.0
679,8,2000,100000,0.1,1,360.0,9.130691964285715,70439040,141000000000.0
680,8,2000,100,1.0,2,360.0,356.75,433554240,867000000000.0
681,8,400000,0,0.7,2,360.0,360.0,65344384,26100000000000.0
682,8,200000,1000000,1.0,3,360.0,108.0,50464512,10100000000000.0
683,8,400000,1000,1.0,1,361.0,360.0,63881664,25600000000000.0
684,8,2000000,0,0.7,3,363.0,363.0,16546432,33100000000000.0
685,8,4000,100,0.3,0,360.0,344.51785714285717,1057343616,4230000000000.0
686,8,20000,1000,0.3,3,360.0,324.9174107142857,1178788352,23600000000000.0
687,8,4000000,10000,0.3,0,361.0,360.0,8644608,34600000000000.0
688,8,2000000,100,0.3,1,360.0,360.0,15128064,30300000000000.0
689,8,200000,10000,0.7,1,360.0,349.0044642857143,135316160,27100000000000.0
690,8,400000,10000,0.1,2,360.0,325.0,67656960,27100000000000.0
691,8,200000,1000,0.5,2,360.0,357.0,173207552,34600000000000.0
692,8,200000,1000000,0.3,1,361.0,33.5,19630464,3930000000000.0
693,8,200000,100000,0.5,2,360.0,240.0,119218176,23800000000000.0
694,8,2000,0,1.0,3,360.0,356.8861607142857,433554240,867000000000.0
695,8,20000,0,0.7,3,360.0,345.5044642857143,1513858304,30300000000000.0
696,8,4000000,1000000,0.5,0,362.0,289.0,7325696,29300000000000.0
697,8,4000,100,1.0,0,360.0,355.00223214285717,485220288,1940000000000.0
698,8,4000,1000,0.5,3,360.0,349.6875,464930816,1860000000000.0
699,8,4000000,10000,0.5,1,362.60044642857144,362.0,7727104,30900000000000.0
700,8,4000,100,0.7,0,360.0,354.04910714285717,475920256,1900000000000.0
701,8,20000,1000000,0.5,3,361.0,8.629508928571429,35323904,706000000000.0
702,8,4000000,0,1.0,1,364.0,363.0,8010240,32000000000000.0
703,8,4000000,1000,1.0,2,367.0,366.0,7209216,28800000000000.0
704,8,20000,100,0.3,2,360.0,342.328125,1295730688,25900000000000.0
705,8,2000000,100,0.5,0,360.0,360.0,13748224,27500000000000.0
706,8,4000000,1000,0.5,1,364.0,364.0,7827456,31300000000000.0
707,8,4000,10000,0.1,1,360.0,29.299330357142853,635060160,2540000000000.0
708,8,20000,0,0.3,1,360.0,345.13392857142856,1306356352,26100000000000.0
709,8,40000,1000000,1.0,0,361.0,31.170758928571427,65884224,2640000000000.0
710,8,2000,1000,0.5,0,360.0,352.7455357142857,415156224,830000000000.0
711,8,4000000,0,0.7,3,360.0,360.0,8974336,35900000000000.0
712,8,200000,100,0.7,1,360.0,358.96875,159294464,31900000000000.0
713,8,4000,100,0.7,3,360.0,354.43973214285717,443808960,1780000000000.0
714,8,400000,100000,1.0,1,361.0,332.0,56271936,22500000000000.0
715,8,200000,10000,1.0,1,360.0,352.0,152995584,30600000000000.0
716,8,20000,10000,0.1,0,360.0,114.94419642857143,474969600,9500000000000.0
717,8,400000,0,0.5,1,360.0,360.0,76568576,30600000000000.0
718,8,20000,1000000,0.5,2,360.0,8.72763392857143,35223552,704000000000.0
719,8,20000,0,0.3,3,360.0,346.1875,1270817408,25400000000000.0
720,8,2000000,10000,0.3,2,360.0,357.0,15608320,31200000000000.0
721,8,2000,0,0.5,1,360.0,357.7857142857143,328953856,658000000000.0
722,8,400000,1000,0.7,1,360.0,359.0,61838784,24700000000000.0
723,8,400000,1000,0.5,0,360.0,359.0,75063296,30000000000000.0
724,8,2000,100000,0.5,2,360.0,143.0625,215556096,431000000000.0
725,8,4000000,1000000,0.1,0,361.0,149.0,4273920,17100000000000.0
726,8,40000,100,0.1,3,360.0,344.79017857142856,765959040,30600000000000.0
727,8,20000,100,0.3,1,360.0,342.4330357142857,1289787520,25800000000000.0
728,8,40000,1000000,0.3,3,360.0,11.010044642857142,20951168,838000000000.0
729,8,200000,100,1.0,3,360.0,359.0,143984064,28800000000000.0
730,8,4000000,1000,0.5,3,361.0,360.0,7526400,30100000000000.0
731,8,200000,100,0.3,2,360.0,358.0,150800384,30200000000000.0
732,8,2000000,1000000,0.7,2,361.0,275.0,12059264,24100000000000.0
733,8,200000,0,0.3,1,360.0,358.0625,167729408,33500000000000.0
734,8,2000000,1000000,0.3,2,360.0,204.0,9364992,18700000000000.0
735,8,2000000,100,0.1,1,360.0,360.0,16692480,33400000000000.0
736,8,40000,1000000,0.1,3,361.0,4.355602678571429,7176960,287000000000.0
737,8,400000,1000000,0.1,0,361.0,26.5,6733440,2690000000000.0
738,8,2000,10000,0.5,2,360.0,299.796875,555147264,1110000000000.0
739,8,200000,1000,0.7,0,360.0,358.0,145552512,29100000000000.0
740,8,20000,1000,0.7,2,360.0,338.56026785714283,1296511104,25900000000000.0
741,8,4000000,10000,1.0,1,366.0,366.0,7209216,28800000000000.0
742,8,200000,1000000,0.7,3,361.0,82.92075892857143,38982272,7800000000000.0
743,8,2000,10000,1.0,0,360.0,337.0044642857143,398108928,796000000000.0
744,8,4000000,10000,0.1,1,360.0,355.0,10100160,40400000000000.0
745,8,200000,1000000,0.1,0,361.0,12.6875,7015680,1400000000000.0
746,8,4000,100000,1.0,1,360.0,241.11830357142858,233698752,935000000000.0
747,8,4000,0,1.0,1,360.0,354.59375,542293248,2170000000000.0
748,8,2000000,100,0.3,3,360.0,360.0,16148608,32300000000000.0
749,8,20000,100,0.3,3,360.0,344.30357142857144,1148472192,23000000000000.0
750,8,400000,100000,0.3,1,360.0,259.0,60452224,24200000000000.0
751,8,2000,1000,0.3,1,360.0,344.9888392857143,571744768,1140000000000.0
752,8,4000,0,1.0,3,360.0,354.9732142857143,490026432,1960000000000.0
753,8,40000,1000000,0.5,1,360.0,17.88995535714286,34320384,1370000000000.0
754,8,400000,100000,0.3,3,360.0,264.8861607142857,57090432,22800000000000.0
755,8,2000000,0,1.0,1,364.0,364.0,15820224,31600000000000.0
756,8,20000,100000,0.3,2,360.0,41.316517857142856,189881216,3800000000000.0
757,8,40000,100,0.1,1,360.0,345.421875,728280000,29100000000000.0
758,8,40000,100,0.7,1,360.0,351.921875,752722432,30100000000000.0
759,8,2000000,10000,0.7,3,362.0,361.0,14443072,28900000000000.0
760,8,2000000,1000,0.1,1,360.0,359.0,16067520,32100000000000.0
761,8,20000,0,0.3,2,360.0,347.09598214285717,1184311296,23700000000000.0
762,8,2000000,100,0.1,0,360.0,360.0,17256960,34500000000000.0
763,8,200000,100000,0.1,3,360.0,84.9310267857143,55298880,11100000000000.0
764,8,20000,100000,1.0,3,360.0,111.0,491628480,9830000000000.0
765,8,200000,10000,1.0,3,360.0,351.0,159003264,31800000000000.0
766,8,2000000,10000,0.1,0,360.0,352.0,15966720,31900000000000.0
767,8,200000,1000,0.1,1,360.0,347.64732142857144,183778560,36800000000000.0
768,8,400000,100,0.7,0,361.0,360.0,82171264,32900000000000.0
769,8,200000,1000,0.3,3,360.0,355.0,184418304,36900000000000.0
770,8,400000,10000,1.0,3,361.0,357.0,60477312,24200000000000.0
771,8,200000,100000,0.1,0,360.0,82.35267857142857,55823040,11200000000000.0
772,8,2000000,0,0.7,2,361.0,361.0,15564864,31100000000000.0
773,8,400000,1000000,1.0,1,361.0,174.0,37447872,15000000000000.0
774,8,4000000,100,1.0,0,363.0,363.0,7809984,31200000000000.0
775,8,2000000,100,0.1,2,360.0,360.0,18869760,37700000000000.0
776,8,2000,1000,0.7,3,360.0,354.60267857142856,357010304,714000000000.0
777,8,4000,1000,0.7,1,360.0,351.828125,426280960,1710000000000.0
778,8,4000000,100,0.7,2,360.0,360.0,6730752,26900000000000.0
779,8,200000,1000000,0.3,0,360.0,37.10000000000001,19390336,3880000000000.0
780,8,2000,1000000,0.3,0,361.0,8.783370535714285,21131264,42300000000.0
781,8,200000,1000000,0.5,3,360.0,61.897991071428564,29904896,5980000000000.0
782,8,20000,0,1.0,3,360.0,347.31919642857144,1592235456,31800000000000.0
783,8,4000,10000,1.0,3,360.0,335.1205357142857,411526080,1650000000000.0
784,8,400000,100,0.3,2,360.0,359.0,85965824,34400000000000.0
785,8,4000000,100000,0.3,0,360.0,346.0,8704640,34800000000000.0
786,8,400000,1000000,0.7,2,361.0,142.0,30709056,12300000000000.0
787,8,4000000,1000,0.7,0,367.0,367.0,7151424,28600000000000.0
788,8,4000000,100,0.1,3,360.0,360.0,8346240,33400000000000.0
789,8,2000000,100,0.7,0,363.0,362.921875,14162624,28300000000000.0
790,8,40000,10000,1.0,0,360.0,319.00223214285717,717116736,28700000000000.0
791,8,4000,1000,0.3,0,360.0,347.70982142857144,417582592,1670000000000.0
792,8,400000,10000,0.3,0,360.0,349.0,63213696,25300000000000.0
793,8,2000,10000,0.5,0,360.0,314.421875,421177344,842000000000.0
794,8,4000000,1000000,0.5,3,363.0,290.0,7325696,29300000000000.0
795,8,4000000,100000,0.3,1,361.0,347.0,8584576,34300000000000.0
796,8,400000,100,1.0,2,361.0,360.0,73093440,29200000000000.0
797,8,40000,0,0.7,1,360.0,354.234375,601000064,24000000000000.0
798,8,4000000,1000,0.1,1,360.0,360.0,8043840,32200000000000.0
799,8,2000,100000,0.5,1,360.0,138.02232142857142,220975104,442000000000.0
800,8,400000,100000,0.5,3,360.0,303.0,56899584,22800000000000.0
801,8,40000,1000000,0.5,3,361.0,17.599999999999998,34420736,1380000000000.0
802,8,200000,100000,0.3,1,360.0,182.0,106436736,21300000000000.0
803,8,4000,10000,1.0,2,360.0,334.20982142857144,426144768,1700000000000.0
804,8,40000,100000,1.0,2,360.0,172.0,371074368,14800000000000.0
805,8,2000000,1000,0.3,0,361.0,361.0,14707840,29400000000000.0
806,8,4000,1000000,0.3,2,360.296875,6.17578125,21251328,85000000000.0
807,8,4000,1000,0.7,2,360.0,352.265625,396833920,1590000000000.0
808,8,2000000,1000,0.5,0,362.0,362.0,12744704,25500000000000.0
809,8,40000,100,0.1,2,360.0,345.3013392857143,743359680,29700000000000.0
810,8,40000,10000,0.5,3,360.0,292.93080357142856,613853184,24600000000000.0
811,8,4000,100000,1.0,3,360.0,242.80357142857142,230694912,923000000000.0
812,8,4000000,0,0.3,2,360.0,360.0,9485056,37900000000000.0
813,8,2000,10000,1.0,1,360.0,337.09598214285717,398309184,797000000000.0
814,8,2000000,100000,0.3,1,361.0,337.0,14287616,28600000000000.0
815,8,4000,100,0.7,2,360.0,355.359375,388841152,1560000000000.0
816,8,200000,1000,0.3,0,360.0,355.0,185979136,37200000000000.0
817,8,2000,100000,0.7,3,360.0,196.765625,226461760,453000000000.0
818,8,20000,1000000,0.3,2,361.0,5.615,21311360,426000000000.0
819,8,200000,1000000,0.1,1,360.0,12.910267857142859,6995520,1400000000000.0
820,8,400000,0,0.5,2,360.0,360.0,65128448,26100000000000.0
821,8,2000,1000000,0.1,1,361.0,0.40703348214285723,7257600,14500000000.0
822,8,200000,0,0.1,0,360.0,359.0,131221440,26200000000000.0
823,8,400000,0,0.3,2,360.0,359.0,86025856,34400000000000.0
824,8,200000,100,0.5,3,360.0,358.9486607142857,167086080,33400000000000.0
825,8,400000,100000,0.1,1,360.0,176.0,37033920,14800000000000.0
826,8,4000,10000,1.0,1,360.0,334.73214285714283,420537600,1680000000000.0
827,8,40000,1000000,0.5,2,361.0,18.309821428571436,34320384,1370000000000.0
828,8,4000000,100000,0.3,2,362.0,349.0,7684096,30700000000000.0
829,8,40000,0,0.3,3,360.0,353.8482142857143,572525184,22900000000000.0
830,8,4000000,100,0.7,3,361.0,361.0,7291648,29200000000000.0
831,8,4000000,0,0.3,3,362.0,362.0,9004800,36000000000000.0
832,8,4000,1000000,0.7,1,360.0,36.80558035714286,45292352,181000000000.0
833,8,40000,1000,1.0,2,360.0,349.98660714285717,816443712,32700000000000.0
834,8,20000,1000,0.3,1,360.0,323.47098214285717,1225613312,24500000000000.0
835,8,40000,1000,1.0,1,360.0,349.99776785714283,813039360,32500000000000.0
836,8,400000,10000,1.0,1,360.0,357.9955357142857,48261696,19300000000000.0
837,8,4000000,1000,0.3,3,361.0,361.0,7023744,28100000000000.0
838,8,2000,1000,0.7,0,360.0,354.5625,348316416,697000000000.0
839,8,2000,1000,1.0,1,360.0,354.75892857142856,428748096,857000000000.0
840,8,20000,1000,0.7,0,360.0,338.17410714285717,1311515072,26200000000000.0
841,8,4000000,1000,0.3,0,362.0,362.0,8524544,34100000000000.0
842,8,2000000,0,0.5,2,361.0,360.0,16859136,33700000000000.0
843,8,400000,100000,0.7,0,360.0,315.0,62119232,24800000000000.0
844,8,2000,10000,0.7,1,360.0,330.6919642857143,368929344,738000000000.0
845,8,40000,1000,0.5,2,360.0,344.9486607142857,757155840,30300000000000.0
846,8,4000,1000000,0.1,0,361.0,0.5342700892857143,7257600,29000000000.0
847,8,2000,100,1.0,3,360.0,356.7388392857143,432352704,865000000000.0
848,8,200000,1000000,0.5,0,360.0,60.100000000000016,30105600,6020000000000.0
849,8,200000,100,0.3,0,360.0,358.0,178174976,35600000000000.0
850,8,20000,1000,1.0,2,360.0,343.9799107142857,1262614080,25300000000000.0
851,8,20000,100,1.0,1,360.0,345.50669642857144,1671737088,33400000000000.0
852,8,20000,1000,0.3,2,360.0,323.8950892857143,1217268864,24300000000000.0
853,8,400000,10000,1.0,2,360.0,356.0,66084480,26400000000000.0
854,8,2000000,0,0.7,0,362.0,362.0,15564864,31100000000000.0
855,8,200000,10000,0.1,2,360.0,282.09375,151583040,30300000000000.0
856,8,4000000,100000,0.1,0,360.125,313.0,9455040,37800000000000.0
857,8,200000,10000,0.5,1,360.0,343.0044642857143,154341376,30900000000000.0
858,8,400000,100000,0.1,2,360.0,156.0,41065920,16400000000000.0
859,8,4000,0,1.0,0,360.0,355.1517857142857,480614400,1920000000000.0
860,8,40000,100,0.5,0,360.0,350.84598214285717,817567744,32700000000000.0
861,8,400000,10000,0.3,2,360.0,347.3794642857143,71257984,28500000000000.0
862,8,2000000,0,0.5,1,362.0,362.0,18765824,37500000000000.0
863,8,400000,100000,0.5,2,360.0,300.0,59910144,24000000000000.0
864,8,40000,10000,1.0,1,360.0,319.9888392857143,701697024,28100000000000.0
865,8,2000000,100000,0.3,0,360.0,335.0,15008000,30000000000000.0
866,8,4000000,1000,0.3,1,362.0,362.0,8584576,34300000000000.0
867,8,20000,1000000,1.0,3,360.0,16.807812500000004,68687808,1370000000000.0
868,8,2000000,0,0.5,0,361.0,361.0,19167232,38300000000000.0
869,8,40000,1000,0.7,1,360.0,346.79910714285717,781889024,31300000000000.0
870,8,2000000,1000,0.5,3,362.0,362.0,14049280,28100000000000.0
871,8,4000,1000000,0.3,0,360.0,6.933058035714287,21191296,84800000000.0
872,8,20000,100000,0.5,2,360.0,66.04732142857144,292024320,5840000000000.0
873,8,2000,1000000,0.1,2,361.0,0.414546875,7257600,14500000000.0
874,8,400000,10000,0.3,1,360.0,347.0,71978368,28800000000000.0
875,8,2000,0,0.7,1,360.0,357.75,329526400,659000000000.0
876,8,2000000,1000000,0.1,3,360.0,87.1,5503680,11000000000000.0
877,8,400000,1000,0.1,3,360.0,354.25892857142856,82696320,33100000000000.0
878,8,4000000,100,0.1,1,361.0,360.0,8487360,33900000000000.0
879,8,40000,100,0.5,1,360.0,350.953125,807532544,32300000000000.0
880,8,4000,10000,0.7,3,360.0,324.91294642857144,423336256,1690000000000.0
881,8,20000,10000,0.3,3,360.0,203.55803571428572,872805248,17500000000000.0
882,8,4000000,0,0.5,3,361.0,361.0,9232384,36900000000000.0
883,8,2000,1000000,0.3,3,360.0,9.980200892857143,21011200,42000000000.0
884,8,2000,100,0.7,0,360.0,357.46875,333032000,666000000000.0
885,8,4000,100,0.5,2,360.0,351.8125,637937664,2550000000000.0
886,8,20000,0,0.1,3,360.0,343.54910714285717,1568448000,31400000000000.0
887,8,40000,100,0.3,1,360.0,349.01785714285717,796804736,31900000000000.0
888,8,4000000,100,0.1,0,361.0,360.0,8910720,35600000000000.0
889,8,20000,1000000,0.3,3,361.0,6.447790178571428,21251328,425000000000.0
890,8,40000,10000,0.3,0,360.0,261.09598214285717,552954752,22100000000000.0
891,8,4000000,10000,1.0,3,363.0,363.0,7209216,28800000000000.0
892,8,20000,1000,0.1,0,360.0,292.24107142857144,1076987520,21500000000000.0
893,8,2000,100,0.5,0,360.0,356.88169642857144,356048896,712000000000.0
894,8,40000,10000,1.0,3,360.0,320.0,699093696,28000000000000.0
895,8,40000,1000,0.3,0,360.0,338.1450892857143,740074496,29600000000000.0
896,8,4000000,1000000,1.0,1,369.0,333.0,7209216,28800000000000.0
897,8,4000,100000,0.3,3,360.0,65.67165178571427,175113344,700000000000.0
898,8,400000,100000,0.7,2,360.0,320.0,55108032,22000000000000.0
899,8,2000000,10000,0.3,3,361.0,359.0,15188096,30400000000000.0
900,8,2000000,1000,0.7,3,361.0,361.0,14022400,28000000000000.0
901,8,40000,1000,0.5,0,360.0,346.86830357142856,652288000,26100000000000.0
902,8,400000,0,1.0,2,361.0,360.0,69088320,27600000000000.0
903,8,4000,10000,0.5,3,360.0,314.8080357142857,402612224,1610000000000.0
904,8,4000000,100,0.5,1,363.0,363.0,7225344,28900000000000.0
905,8,2000000,100000,0.1,0,360.0,286.0,14958720,29900000000000.0
906,8,4000000,1000,0.7,1,365.0,365.0,7151424,28600000000000.0
907,8,400000,0,0.5,0,360.0,360.0,75565056,30200000000000.0
908,8,4000000,1000,0.5,2,367.0,367.0,6221824,24900000000000.0
909,8,400000,10000,0.3,3,360.0,348.0,69156864,27700000000000.0
910,8,20000,100000,0.3,0,360.0,42.246428571428574,189340928,3790000000000.0
911,8,20000,0,0.5,2,360.0,346.5825892857143,1364586496,27300000000000.0
912,8,200000,1000,0.7,1,360.0,357.046875,171774400,34400000000000.0
913,8,4000,1000000,0.7,2,360.0,36.69040178571429,45292352,181000000000.0
914,8,4000,0,0.3,0,360.0,353.3950892857143,543169536,2170000000000.0
915,8,200000,100,0.1,3,360.0,356.65401785714283,191842560,38400000000000.0
